Product_Name,Product_URL,Price,Rating,Number_of_Reviews
"SARTHAM Junior Techno, 8 to 12 Years, DIY Educational kit, Engineering Tool kit Toy, 1 Set STEM Learning Metal Toy, Gift for 8+ Year Old boy and Girl, 115+ Pieces Puzzle and 14 Models | Multicolor",https://www.amazon.in/SARTHAM-Educational-Building-Construction-Junior/dp/B07GFQ32C5/ref=sr_1_97?dib=eyJ2IjoiMSJ9.meIiF_8L7k2xtjJ9y4t6iuQ1Xei1yif1P8KhacVq-9fymtutoe3rbdNPYCRb9vMEQne-IjYHm7UMwSxlmbUrpGdJMg8h5Ak0K1ogUUYkE6Go0U7-So5qRHMXuOxQSlVZhODAtdrvI4GRf1KHehj5yX-tchixG7OJlFYQyyw4ZVTF75cMhXslWiMAZQuQcT1i2zN18qmw40Q8IJ5FlwoILlkHDm8MVgx7e75_-wSMvFGsGEXUnSO6VwCMLuxz4FYzYGhNAWJDIUFXEUE2RHT4ZnWDD4EQvRxj_YV-jfPOfxA.uqNL2HR0lT2uoiUzqOy_6hzrGUUvNKzo10PLlDkG7VA&dib_tag=se&keywords=toys+and+gifts&qid=1748104413&sr=8-97,572.0,4.2,1588
"STOFFIER GARTEN Xylophone School Bus Toy, Xylophone Baby Toys 12-18 Months, Baby Girl Toy Push & Pull Toy Educational and Learning Toys for 1 Year Old Best Gift for Kids Toddlers",https://www.amazon.in/STOFFIER-GARTEN-Xylophone-Educational-Learning/dp/B0F38F8XX5/ref=sr_1_98?dib=eyJ2IjoiMSJ9.meIiF_8L7k2xtjJ9y4t6iuQ1Xei1yif1P8KhacVq-9fymtutoe3rbdNPYCRb9vMEQne-IjYHm7UMwSxlmbUrpGdJMg8h5Ak0K1ogUUYkE6Go0U7-So5qRHMXuOxQSlVZhODAtdrvI4GRf1KHehj5yX-tchixG7OJlFYQyyw4ZVTF75cMhXslWiMAZQuQcT1i2zN18qmw40Q8IJ5FlwoILlkHDm8MVgx7e75_-wSMvFGsGEXUnSO6VwCMLuxz4FYzYGhNAWJDIUFXEUE2RHT4ZnWDD4EQvRxj_YV-jfPOfxA.uqNL2HR0lT2uoiUzqOy_6hzrGUUvNKzo10PLlDkG7VA&dib_tag=se&keywords=toys+and+gifts&qid=1748104413&sr=8-98,549.0,5.0,1
"Toyztrend Jazz Drum Set Senior Musical Band Instruments with 3 Drums, 1 Dish, 1 Stool & Sticks for Kids (Assorted Colors & Designs)",https://www.amazon.in/Toyztrend-Original-Jazz-Drum-Kids/dp/B07D4F7T9Z/ref=sr_1_99?dib=eyJ2IjoiMSJ9.meIiF_8L7k2xtjJ9y4t6iuQ1Xei1yif1P8KhacVq-9fymtutoe3rbdNPYCRb9vMEQne-IjYHm7UMwSxlmbUrpGdJMg8h5Ak0K1ogUUYkE6Go0U7-So5qRHMXuOxQSlVZhODAtdrvI4GRf1KHehj5yX-tchixG7OJlFYQyyw4ZVTF75cMhXslWiMAZQuQcT1i2zN18qmw40Q8IJ5FlwoILlkHDm8MVgx7e75_-wSMvFGsGEXUnSO6VwCMLuxz4FYzYGhNAWJDIUFXEUE2RHT4ZnWDD4EQvRxj_YV-jfPOfxA.uqNL2HR0lT2uoiUzqOy_6hzrGUUvNKzo10PLlDkG7VA&dib_tag=se&keywords=toys+and+gifts&qid=1748104413&sr=8-99,738.0,4.2,809
Babique Dog Sitting Plush Soft Toy Cute Kids Animal Home Decor Boys/Girls White (25 cm),https://www.amazon.in/Babique-Sitting-Plush-Animal-Decor/dp/B0B2F8XS9L/ref=sr_1_100?dib=eyJ2IjoiMSJ9.meIiF_8L7k2xtjJ9y4t6iuQ1Xei1yif1P8KhacVq-9fymtutoe3rbdNPYCRb9vMEQne-IjYHm7UMwSxlmbUrpGdJMg8h5Ak0K1ogUUYkE6Go0U7-So5qRHMXuOxQSlVZhODAtdrvI4GRf1KHehj5yX-tchixG7OJlFYQyyw4ZVTF75cMhXslWiMAZQuQcT1i2zN18qmw40Q8IJ5FlwoILlkHDm8MVgx7e75_-wSMvFGsGEXUnSO6VwCMLuxz4FYzYGhNAWJDIUFXEUE2RHT4ZnWDD4EQvRxj_YV-jfPOfxA.uqNL2HR0lT2uoiUzqOy_6hzrGUUvNKzo10PLlDkG7VA&dib_tag=se&keywords=toys+and+gifts&qid=1748104413&sr=8-100,169.0,4.2,2691
Toy Imagine Projector Torch for Kids Creativity Toy Children Flashlight Projection Light Cognitive Animals Marine 1 Electric Torch with 3 Slides (24 Pictures),https://www.amazon.in/Toy-Imagine-Projector-Creativity-Flashlight/dp/B0D4V583L5/ref=sr_1_101?dib=eyJ2IjoiMSJ9.meIiF_8L7k2xtjJ9y4t6iuQ1Xei1yif1P8KhacVq-9fymtutoe3rbdNPYCRb9vMEQne-IjYHm7UMwSxlmbUrpGdJMg8h5Ak0K1ogUUYkE6Go0U7-So5qRHMXuOxQSlVZhODAtdrvI4GRf1KHehj5yX-tchixG7OJlFYQyyw4ZVTF75cMhXslWiMAZQuQcT1i2zN18qmw40Q8IJ5FlwoILlkHDm8MVgx7e75_-wSMvFGsGEXUnSO6VwCMLuxz4FYzYGhNAWJDIUFXEUE2RHT4ZnWDD4EQvRxj_YV-jfPOfxA.uqNL2HR0lT2uoiUzqOy_6hzrGUUvNKzo10PLlDkG7VA&dib_tag=se&keywords=toys+and+gifts&qid=1748104413&sr=8-101,98.0,3.6,738
"Toy imagine Talking Flash Cards Learning Toys for 2 to 6 Years Old Boys Girls, Educational Toddlers Toys Reading Machine with 224 Words, Preschool Montessori Toys and Birthday Gift for Kids",https://www.amazon.in/Toy-imagineTM-LIONVISON-Educational-Montessori/dp/B0CKF1Q2N6/ref=sr_1_102?dib=eyJ2IjoiMSJ9.meIiF_8L7k2xtjJ9y4t6iuQ1Xei1yif1P8KhacVq-9fymtutoe3rbdNPYCRb9vMEQne-IjYHm7UMwSxlmbUrpGdJMg8h5Ak0K1ogUUYkE6Go0U7-So5qRHMXuOxQSlVZhODAtdrvI4GRf1KHehj5yX-tchixG7OJlFYQyyw4ZVTF75cMhXslWiMAZQuQcT1i2zN18qmw40Q8IJ5FlwoILlkHDm8MVgx7e75_-wSMvFGsGEXUnSO6VwCMLuxz4FYzYGhNAWJDIUFXEUE2RHT4ZnWDD4EQvRxj_YV-jfPOfxA.uqNL2HR0lT2uoiUzqOy_6hzrGUUvNKzo10PLlDkG7VA&dib_tag=se&keywords=toys+and+gifts&qid=1748104413&sr=8-102,299.0,4.3,329
"Mommers Xylophone Musical Educational Toy for Kid (1-3Year Old) I Toddlers Babies Kids Girls, Boys I 2-in-1 Piano Combined I Safe for Drum Sticks for Fast and Fun Learning for Kid- Pink",https://www.amazon.in/Mommers-Xylophone-Educational-Toddlers-Combined/dp/B0D1M7GJYX/ref=sr_1_103?dib=eyJ2IjoiMSJ9.meIiF_8L7k2xtjJ9y4t6iuQ1Xei1yif1P8KhacVq-9fymtutoe3rbdNPYCRb9vMEQne-IjYHm7UMwSxlmbUrpGdJMg8h5Ak0K1ogUUYkE6Go0U7-So5qRHMXuOxQSlVZhODAtdrvI4GRf1KHehj5yX-tchixG7OJlFYQyyw4ZVTF75cMhXslWiMAZQuQcT1i2zN18qmw40Q8IJ5FlwoILlkHDm8MVgx7e75_-wSMvFGsGEXUnSO6VwCMLuxz4FYzYGhNAWJDIUFXEUE2RHT4ZnWDD4EQvRxj_YV-jfPOfxA.uqNL2HR0lT2uoiUzqOy_6hzrGUUvNKzo10PLlDkG7VA&dib_tag=se&keywords=toys+and+gifts&qid=1748104413&sr=8-103,199.0,4.0,349
"Storio Soft Plush Giraffe Toy for Kids | Ultra-Soft Cuddly Stuffed Animal for Babies, Toddlers & Children | Cute Hugging Toy for Boys & Girls | Washable & Safe | Birthday Gift for 1-6 Year Old",https://www.amazon.in/Storio-Plush-Giraffe-Ultra-Soft-Toddlers/dp/B0F6792PMC/ref=sr_1_104?dib=eyJ2IjoiMSJ9.meIiF_8L7k2xtjJ9y4t6iuQ1Xei1yif1P8KhacVq-9fymtutoe3rbdNPYCRb9vMEQne-IjYHm7UMwSxlmbUrpGdJMg8h5Ak0K1ogUUYkE6Go0U7-So5qRHMXuOxQSlVZhODAtdrvI4GRf1KHehj5yX-tchixG7OJlFYQyyw4ZVTF75cMhXslWiMAZQuQcT1i2zN18qmw40Q8IJ5FlwoILlkHDm8MVgx7e75_-wSMvFGsGEXUnSO6VwCMLuxz4FYzYGhNAWJDIUFXEUE2RHT4ZnWDD4EQvRxj_YV-jfPOfxA.uqNL2HR0lT2uoiUzqOy_6hzrGUUvNKzo10PLlDkG7VA&dib_tag=se&keywords=toys+and+gifts&qid=1748104413&sr=8-104,279.0,4.6,20
"Popsugar Remote control car | Off Roader Rechargeable Rc Car | Monster Truck with 2 Speeds | 4 Headlight Modes | Lithium Battery | C-Type Charging | Remote Car for Kids | Made in India, Red with Black",https://www.amazon.in/Popsugar-Rechargeable-Control-Headlight-Charging/dp/B0CQK5JDDN/ref=sr_1_105?dib=eyJ2IjoiMSJ9.meIiF_8L7k2xtjJ9y4t6iuQ1Xei1yif1P8KhacVq-9fymtutoe3rbdNPYCRb9vMEQne-IjYHm7UMwSxlmbUrpGdJMg8h5Ak0K1ogUUYkE6Go0U7-So5qRHMXuOxQSlVZhODAtdrvI4GRf1KHehj5yX-tchixG7OJlFYQyyw4ZVTF75cMhXslWiMAZQuQcT1i2zN18qmw40Q8IJ5FlwoILlkHDm8MVgx7e75_-wSMvFGsGEXUnSO6VwCMLuxz4FYzYGhNAWJDIUFXEUE2RHT4ZnWDD4EQvRxj_YV-jfPOfxA.uqNL2HR0lT2uoiUzqOy_6hzrGUUvNKzo10PLlDkG7VA&dib_tag=se&keywords=toys+and+gifts&qid=1748104413&sr=8-105,1199.0,4.1,3121
"Smartivity DIY Pocket Pinball Handheld Game for Kids Ages 6-7-8-9-10-11-12 Years|Hand-Held Exciting Arcade Game I Birthday Gift for Unisex|DIY Science Toy 6-12 Years Old I Screen Free Play,Multicolor",https://www.amazon.in/Smartivity-Handheld-6-7-8-9-10-11-12-Hand-Held-Multicolor/dp/B0DNQM4PWN/ref=sr_1_106?dib=eyJ2IjoiMSJ9.meIiF_8L7k2xtjJ9y4t6iuQ1Xei1yif1P8KhacVq-9fymtutoe3rbdNPYCRb9vMEQne-IjYHm7UMwSxlmbUrpGdJMg8h5Ak0K1ogUUYkE6Go0U7-So5qRHMXuOxQSlVZhODAtdrvI4GRf1KHehj5yX-tchixG7OJlFYQyyw4ZVTF75cMhXslWiMAZQuQcT1i2zN18qmw40Q8IJ5FlwoILlkHDm8MVgx7e75_-wSMvFGsGEXUnSO6VwCMLuxz4FYzYGhNAWJDIUFXEUE2RHT4ZnWDD4EQvRxj_YV-jfPOfxA.uqNL2HR0lT2uoiUzqOy_6hzrGUUvNKzo10PLlDkG7VA&dib_tag=se&keywords=toys+and+gifts&qid=1748104413&sr=8-106,598.0,4.1,81
"Niku Doll (30cm, Pink) | Soft Plush Doll Toy with Rabbit Ear, Teddy Bear, Best Gift Toy and Pillow for Kids, Girls and Adults | Valentines",https://www.amazon.in/Niku-Super-Rabbit-Pillow-Adults/dp/B0CR886N1T/ref=sr_1_107?dib=eyJ2IjoiMSJ9.meIiF_8L7k2xtjJ9y4t6iuQ1Xei1yif1P8KhacVq-9fymtutoe3rbdNPYCRb9vMEQne-IjYHm7UMwSxlmbUrpGdJMg8h5Ak0K1ogUUYkE6Go0U7-So5qRHMXuOxQSlVZhODAtdrvI4GRf1KHehj5yX-tchixG7OJlFYQyyw4ZVTF75cMhXslWiMAZQuQcT1i2zN18qmw40Q8IJ5FlwoILlkHDm8MVgx7e75_-wSMvFGsGEXUnSO6VwCMLuxz4FYzYGhNAWJDIUFXEUE2RHT4ZnWDD4EQvRxj_YV-jfPOfxA.uqNL2HR0lT2uoiUzqOy_6hzrGUUvNKzo10PLlDkG7VA&dib_tag=se&keywords=toys+and+gifts&qid=1748104413&sr=8-107,295.0,4.1,716
"Chocozone Wooden Learning Educational Game Board for Kids, Puzzle Toys for 2 Years Old Boys & Girls (Alphabets, Numbers & Shapes)",https://www.amazon.in/Chocozone-Learning-Educational-Alphabets-Numbers/dp/B0BB9K1QYT/ref=sr_1_108?dib=eyJ2IjoiMSJ9.meIiF_8L7k2xtjJ9y4t6iuQ1Xei1yif1P8KhacVq-9fymtutoe3rbdNPYCRb9vMEQne-IjYHm7UMwSxlmbUrpGdJMg8h5Ak0K1ogUUYkE6Go0U7-So5qRHMXuOxQSlVZhODAtdrvI4GRf1KHehj5yX-tchixG7OJlFYQyyw4ZVTF75cMhXslWiMAZQuQcT1i2zN18qmw40Q8IJ5FlwoILlkHDm8MVgx7e75_-wSMvFGsGEXUnSO6VwCMLuxz4FYzYGhNAWJDIUFXEUE2RHT4ZnWDD4EQvRxj_YV-jfPOfxA.uqNL2HR0lT2uoiUzqOy_6hzrGUUvNKzo10PLlDkG7VA&dib_tag=se&keywords=toys+and+gifts&qid=1748104413&sr=8-108,365.0,4.2,2209
"Storio 3 Slides 24 Patterns Mini Projector Torch Toy Slide Flashlight Projector Torch for Kids Sleeping Story Toys for Toddlers, Educational Learning Toys,Space,Animal &Foods",https://www.amazon.in/Storio-Patterns-Projector-Flashlight-Educational/dp/B0CB91DKKP/ref=sr_1_109?dib=eyJ2IjoiMSJ9.meIiF_8L7k2xtjJ9y4t6iuQ1Xei1yif1P8KhacVq-9fymtutoe3rbdNPYCRb9vMEQne-IjYHm7UMwSxlmbUrpGdJMg8h5Ak0K1ogUUYkE6Go0U7-So5qRHMXuOxQSlVZhODAtdrvI4GRf1KHehj5yX-tchixG7OJlFYQyyw4ZVTF75cMhXslWiMAZQuQcT1i2zN18qmw40Q8IJ5FlwoILlkHDm8MVgx7e75_-wSMvFGsGEXUnSO6VwCMLuxz4FYzYGhNAWJDIUFXEUE2RHT4ZnWDD4EQvRxj_YV-jfPOfxA.uqNL2HR0lT2uoiUzqOy_6hzrGUUvNKzo10PLlDkG7VA&dib_tag=se&keywords=toys+and+gifts&qid=1748104413&sr=8-109,169.0,3.2,1833
"Party Propz Water Doodle Mat for Kids - Combo of 3 Pcs, Reusable Gift for Kids Age 3 to 7 | Mess Free Water Drawing for Toddlers | Learning and Educational Doodle Mat for Girls",https://www.amazon.in/Party-Propz-Water-Doodle-Kids/dp/B09RN3BPLY/ref=sr_1_110?dib=eyJ2IjoiMSJ9.meIiF_8L7k2xtjJ9y4t6iuQ1Xei1yif1P8KhacVq-9fymtutoe3rbdNPYCRb9vMEQne-IjYHm7UMwSxlmbUrpGdJMg8h5Ak0K1ogUUYkE6Go0U7-So5qRHMXuOxQSlVZhODAtdrvI4GRf1KHehj5yX-tchixG7OJlFYQyyw4ZVTF75cMhXslWiMAZQuQcT1i2zN18qmw40Q8IJ5FlwoILlkHDm8MVgx7e75_-wSMvFGsGEXUnSO6VwCMLuxz4FYzYGhNAWJDIUFXEUE2RHT4ZnWDD4EQvRxj_YV-jfPOfxA.uqNL2HR0lT2uoiUzqOy_6hzrGUUvNKzo10PLlDkG7VA&dib_tag=se&keywords=toys+and+gifts&qid=1748104413&sr=8-110,569.0,3.8,299
"SARTHAM Dhoom Bike for Age 8+ Kids | Metal, Engineering and Construction Based Educational Toy for Kids | Puzzle and Assembling Toy for 8+ Year Old | Gift for 8+ Year Old boy | Multicolor",https://www.amazon.in/SARTHAM-Metal-Construction-Educational-Multicolour/dp/B079TGP3Z4/ref=sr_1_111?dib=eyJ2IjoiMSJ9.meIiF_8L7k2xtjJ9y4t6iuQ1Xei1yif1P8KhacVq-9fymtutoe3rbdNPYCRb9vMEQne-IjYHm7UMwSxlmbUrpGdJMg8h5Ak0K1ogUUYkE6Go0U7-So5qRHMXuOxQSlVZhODAtdrvI4GRf1KHehj5yX-tchixG7OJlFYQyyw4ZVTF75cMhXslWiMAZQuQcT1i2zN18qmw40Q8IJ5FlwoILlkHDm8MVgx7e75_-wSMvFGsGEXUnSO6VwCMLuxz4FYzYGhNAWJDIUFXEUE2RHT4ZnWDD4EQvRxj_YV-jfPOfxA.uqNL2HR0lT2uoiUzqOy_6hzrGUUvNKzo10PLlDkG7VA&dib_tag=se&keywords=toys+and+gifts&qid=1748104413&sr=8-111,572.0,4.0,1155
"Shifu Educational Globe for Kids with 1000+ Facts on Animals, Places, Monuments and More - Orboot Earth Augmented Reality Based Fun Learning, Interactive Game ( 4-10 Years)",https://www.amazon.in/Shifu-Educational-Augmented-Reality-Multicolour/dp/B075WW3JKQ/ref=sr_1_112?dib=eyJ2IjoiMSJ9.meIiF_8L7k2xtjJ9y4t6iuQ1Xei1yif1P8KhacVq-9fymtutoe3rbdNPYCRb9vMEQne-IjYHm7UMwSxlmbUrpGdJMg8h5Ak0K1ogUUYkE6Go0U7-So5qRHMXuOxQSlVZhODAtdrvI4GRf1KHehj5yX-tchixG7OJlFYQyyw4ZVTF75cMhXslWiMAZQuQcT1i2zN18qmw40Q8IJ5FlwoILlkHDm8MVgx7e75_-wSMvFGsGEXUnSO6VwCMLuxz4FYzYGhNAWJDIUFXEUE2RHT4ZnWDD4EQvRxj_YV-jfPOfxA.uqNL2HR0lT2uoiUzqOy_6hzrGUUvNKzo10PLlDkG7VA&dib_tag=se&keywords=toys+and+gifts&qid=1748104413&sr=8-112,1665.0,4.1,16475
Brand Conquer Activity Cube Baby Toys 6 in 1 Multi-Purpose Educational Learning Cube with Music Activity Center Play Square Toy Gift for 18M+ Year Old Boy Girl (Activity Cube),https://www.amazon.in/Brand-Conquer-Activity-Cube-Multi-Purpose/dp/B081D2XLLX/ref=sr_1_113?dib=eyJ2IjoiMSJ9.meIiF_8L7k2xtjJ9y4t6iuQ1Xei1yif1P8KhacVq-9fymtutoe3rbdNPYCRb9vMEQne-IjYHm7UMwSxlmbUrpGdJMg8h5Ak0K1ogUUYkE6Go0U7-So5qRHMXuOxQSlVZhODAtdrvI4GRf1KHehj5yX-tchixG7OJlFYQyyw4ZVTF75cMhXslWiMAZQuQcT1i2zN18qmw40Q8IJ5FlwoILlkHDm8MVgx7e75_-wSMvFGsGEXUnSO6VwCMLuxz4FYzYGhNAWJDIUFXEUE2RHT4ZnWDD4EQvRxj_YV-jfPOfxA.uqNL2HR0lT2uoiUzqOy_6hzrGUUvNKzo10PLlDkG7VA&dib_tag=se&keywords=toys+and+gifts&qid=1748104413&sr=8-113,947.0,4.3,352
Amazon Brand - Jam & Honey | Rolling and Swirling Ramp Drop Toy for 3-4 Year Kids | 5 Layers. 4 Balls,https://www.amazon.in/Amazon-Brand-Rolling-Swirling-Layers/dp/B0BXKPQVPL/ref=sr_1_114?dib=eyJ2IjoiMSJ9.meIiF_8L7k2xtjJ9y4t6iuQ1Xei1yif1P8KhacVq-9fymtutoe3rbdNPYCRb9vMEQne-IjYHm7UMwSxlmbUrpGdJMg8h5Ak0K1ogUUYkE6Go0U7-So5qRHMXuOxQSlVZhODAtdrvI4GRf1KHehj5yX-tchixG7OJlFYQyyw4ZVTF75cMhXslWiMAZQuQcT1i2zN18qmw40Q8IJ5FlwoILlkHDm8MVgx7e75_-wSMvFGsGEXUnSO6VwCMLuxz4FYzYGhNAWJDIUFXEUE2RHT4ZnWDD4EQvRxj_YV-jfPOfxA.uqNL2HR0lT2uoiUzqOy_6hzrGUUvNKzo10PLlDkG7VA&dib_tag=se&keywords=toys+and+gifts&qid=1748104413&sr=8-114,369.0,4.2,2803
"MiniSteps Kick and Play Musical Keyboard Baby Gym Mat with Lights, Rattles, and Piano Multi-Function Fitness Rack for Infants, Boys and Girls, Perfect Developmental Play Mat Gift,1 Count",https://www.amazon.in/MiniSteps-Musical-Keyboard-Multi-Function-Developmental/dp/B0DWJWGTJ1/ref=sr_1_115?dib=eyJ2IjoiMSJ9.meIiF_8L7k2xtjJ9y4t6iuQ1Xei1yif1P8KhacVq-9fymtutoe3rbdNPYCRb9vMEQne-IjYHm7UMwSxlmbUrpGdJMg8h5Ak0K1ogUUYkE6Go0U7-So5qRHMXuOxQSlVZhODAtdrvI4GRf1KHehj5yX-tchixG7OJlFYQyyw4ZVTF75cMhXslWiMAZQuQcT1i2zN18qmw40Q8IJ5FlwoILlkHDm8MVgx7e75_-wSMvFGsGEXUnSO6VwCMLuxz4FYzYGhNAWJDIUFXEUE2RHT4ZnWDD4EQvRxj_YV-jfPOfxA.uqNL2HR0lT2uoiUzqOy_6hzrGUUvNKzo10PLlDkG7VA&dib_tag=se&keywords=toys+and+gifts&qid=1748104413&sr=8-115,549.0,3.9,86
"Imagimake DIY Magnetic Dress-Up Princess |Pretend Play Toys for Girls | 30 Magnetic Dresses & Accessories | Interchange & Create Unlimited Outfits | Birthday Gift for Girls Ages 3,4,5,6,7",https://www.amazon.in/Imagimake-Magnetic-Accessories-Interchange-Unlimited/dp/B0F18MNB6C/ref=sr_1_116?dib=eyJ2IjoiMSJ9.meIiF_8L7k2xtjJ9y4t6iuQ1Xei1yif1P8KhacVq-9fymtutoe3rbdNPYCRb9vMEQne-IjYHm7UMwSxlmbUrpGdJMg8h5Ak0K1ogUUYkE6Go0U7-So5qRHMXuOxQSlVZhODAtdrvI4GRf1KHehj5yX-tchixG7OJlFYQyyw4ZVTF75cMhXslWiMAZQuQcT1i2zN18qmw40Q8IJ5FlwoILlkHDm8MVgx7e75_-wSMvFGsGEXUnSO6VwCMLuxz4FYzYGhNAWJDIUFXEUE2RHT4ZnWDD4EQvRxj_YV-jfPOfxA.uqNL2HR0lT2uoiUzqOy_6hzrGUUvNKzo10PLlDkG7VA&dib_tag=se&keywords=toys+and+gifts&qid=1748104413&sr=8-116,848.0,4.3,26
"Skillmatics Preschool Learning Activity – Ready to Spell, Stage-Based Learning to Improve Vocabulary & Spelling, Educational Toy, Gifts for Boys & Girls Ages 4, 5, 6, 7",https://www.amazon.in/Skillmatics-Preschool-Learning-Activity-Stage-Based/dp/B0BPLS6FDZ/ref=sr_1_117?dib=eyJ2IjoiMSJ9.meIiF_8L7k2xtjJ9y4t6iuQ1Xei1yif1P8KhacVq-9fymtutoe3rbdNPYCRb9vMEQne-IjYHm7UMwSxlmbUrpGdJMg8h5Ak0K1ogUUYkE6Go0U7-So5qRHMXuOxQSlVZhODAtdrvI4GRf1KHehj5yX-tchixG7OJlFYQyyw4ZVTF75cMhXslWiMAZQuQcT1i2zN18qmw40Q8IJ5FlwoILlkHDm8MVgx7e75_-wSMvFGsGEXUnSO6VwCMLuxz4FYzYGhNAWJDIUFXEUE2RHT4ZnWDD4EQvRxj_YV-jfPOfxA.uqNL2HR0lT2uoiUzqOy_6hzrGUUvNKzo10PLlDkG7VA&dib_tag=se&keywords=toys+and+gifts&qid=1748104413&sr=8-117,948.0,4.3,629
"Amitasha Educational Flash Cards Phone Toys for 2-12 Years Kids Rechargeable 24 Modes Talking Baby Smart Phone Mobile Toy for Boys Girls Christmas Gift Birthday Surprise,math_skills",https://www.amazon.in/Amitasha-Educational-Rechargeable-Christmas-math_skills/dp/B0DN67ZPDX/ref=sr_1_118?dib=eyJ2IjoiMSJ9.meIiF_8L7k2xtjJ9y4t6iuQ1Xei1yif1P8KhacVq-9fymtutoe3rbdNPYCRb9vMEQne-IjYHm7UMwSxlmbUrpGdJMg8h5Ak0K1ogUUYkE6Go0U7-So5qRHMXuOxQSlVZhODAtdrvI4GRf1KHehj5yX-tchixG7OJlFYQyyw4ZVTF75cMhXslWiMAZQuQcT1i2zN18qmw40Q8IJ5FlwoILlkHDm8MVgx7e75_-wSMvFGsGEXUnSO6VwCMLuxz4FYzYGhNAWJDIUFXEUE2RHT4ZnWDD4EQvRxj_YV-jfPOfxA.uqNL2HR0lT2uoiUzqOy_6hzrGUUvNKzo10PLlDkG7VA&dib_tag=se&keywords=toys+and+gifts&qid=1748104413&sr=8-118,499.0,3.9,1018
"DearJoy Big Size Fibre Filled Stuffed Animal Elephant Soft Toy for Kids of Plush Hugging Soft Toy for Kids boy Girl Birthday Gift (60 cm, Blue Color)",https://www.amazon.in/DearJoy-Stuffed-Elephant-Hugging-Birthday/dp/B08K4Q3DRL/ref=sr_1_119?dib=eyJ2IjoiMSJ9.meIiF_8L7k2xtjJ9y4t6iuQ1Xei1yif1P8KhacVq-9fymtutoe3rbdNPYCRb9vMEQne-IjYHm7UMwSxlmbUrpGdJMg8h5Ak0K1ogUUYkE6Go0U7-So5qRHMXuOxQSlVZhODAtdrvI4GRf1KHehj5yX-tchixG7OJlFYQyyw4ZVTF75cMhXslWiMAZQuQcT1i2zN18qmw40Q8IJ5FlwoILlkHDm8MVgx7e75_-wSMvFGsGEXUnSO6VwCMLuxz4FYzYGhNAWJDIUFXEUE2RHT4ZnWDD4EQvRxj_YV-jfPOfxA.uqNL2HR0lT2uoiUzqOy_6hzrGUUvNKzo10PLlDkG7VA&dib_tag=se&keywords=toys+and+gifts&qid=1748104413&sr=8-119,559.0,4.3,9073
"INEFABLE Mini Karaoke Machine Microphone Portable Bluetooth Wireless Speaker With Wireless Mic For Music Toys Christmas Birthday Gifts for Girls & Boys 4,5,6,7,8,9,10,11,12 Year Old - Set Of 1 (Peach)",https://www.amazon.in/INEFABLE-Microphone-Portable-Bluetooth-Christmas/dp/B0D7J48F6R/ref=sr_1_120?dib=eyJ2IjoiMSJ9.meIiF_8L7k2xtjJ9y4t6iuQ1Xei1yif1P8KhacVq-9fymtutoe3rbdNPYCRb9vMEQne-IjYHm7UMwSxlmbUrpGdJMg8h5Ak0K1ogUUYkE6Go0U7-So5qRHMXuOxQSlVZhODAtdrvI4GRf1KHehj5yX-tchixG7OJlFYQyyw4ZVTF75cMhXslWiMAZQuQcT1i2zN18qmw40Q8IJ5FlwoILlkHDm8MVgx7e75_-wSMvFGsGEXUnSO6VwCMLuxz4FYzYGhNAWJDIUFXEUE2RHT4ZnWDD4EQvRxj_YV-jfPOfxA.uqNL2HR0lT2uoiUzqOy_6hzrGUUvNKzo10PLlDkG7VA&dib_tag=se&keywords=toys+and+gifts&qid=1748104413&sr=8-120,459.0,3.6,171
"JABA'S Wooden Tetris Puzzle Brain Teaser Toy Colorful Jigsaw Game Montessori Intelligence Educational Gift for Baby- Toddlers, Kids 2-6 Years Old Boys Girls - 40 Pcs, Multi Color",https://www.amazon.in/JABAS-Colorful-Montessori-Intelligence-Educational/dp/B0CJJP7RNT/ref=sr_1_121?dib=eyJ2IjoiMSJ9.meIiF_8L7k2xtjJ9y4t6iuQ1Xei1yif1P8KhacVq-9fymtutoe3rbdNPYCRb9vMEQne-IjYHm7UMwSxlmbUrpGdJMg8h5Ak0K1ogUUYkE6Go0U7-So5qRHMXuOxQSlVZhODAtdrvI4GRf1KHehj5yX-tchixG7OJlFYQyyw4ZVTF75cMhXslWiMAZQuQcT1i2zN18qmw40Q8IJ5FlwoILlkHDm8MVgx7e75_-wSMvFGsGEXUnSO6VwCMLuxz4FYzYGhNAWJDIUFXEUE2RHT4ZnWDD4EQvRxj_YV-jfPOfxA.uqNL2HR0lT2uoiUzqOy_6hzrGUUvNKzo10PLlDkG7VA&dib_tag=se&keywords=toys+and+gifts&qid=1748104413&sr=8-121,185.0,4.4,74
"Smartivity Magic Science Kit for Kids Ages 4-6-8 Years | Birthday Gifts for Boys & Girls | 50+ Amazing Science Experiments I Educational Toy for Kids Age 4,5,6,7,8 Year Old",https://www.amazon.in/Smartivity-Experiment-Developed-Birthday-Educational/dp/B0BZDJ92Y3/ref=sr_1_122?dib=eyJ2IjoiMSJ9.meIiF_8L7k2xtjJ9y4t6iuQ1Xei1yif1P8KhacVq-9fymtutoe3rbdNPYCRb9vMEQne-IjYHm7UMwSxlmbUrpGdJMg8h5Ak0K1ogUUYkE6Go0U7-So5qRHMXuOxQSlVZhODAtdrvI4GRf1KHehj5yX-tchixG7OJlFYQyyw4ZVTF75cMhXslWiMAZQuQcT1i2zN18qmw40Q8IJ5FlwoILlkHDm8MVgx7e75_-wSMvFGsGEXUnSO6VwCMLuxz4FYzYGhNAWJDIUFXEUE2RHT4ZnWDD4EQvRxj_YV-jfPOfxA.uqNL2HR0lT2uoiUzqOy_6hzrGUUvNKzo10PLlDkG7VA&dib_tag=se&keywords=toys+and+gifts&qid=1748104413&sr=8-122,798.0,4.4,761
"Storio Baby Toys Mini Basketball Game for 5+ Year Old Boys & Girls (Yellow, 1 Piece)",https://www.amazon.in/Storio-Baby-Toys-Play-Kit/dp/B09CTR9LHV/ref=sr_1_123?dib=eyJ2IjoiMSJ9.meIiF_8L7k2xtjJ9y4t6iuQ1Xei1yif1P8KhacVq-9fymtutoe3rbdNPYCRb9vMEQne-IjYHm7UMwSxlmbUrpGdJMg8h5Ak0K1ogUUYkE6Go0U7-So5qRHMXuOxQSlVZhODAtdrvI4GRf1KHehj5yX-tchixG7OJlFYQyyw4ZVTF75cMhXslWiMAZQuQcT1i2zN18qmw40Q8IJ5FlwoILlkHDm8MVgx7e75_-wSMvFGsGEXUnSO6VwCMLuxz4FYzYGhNAWJDIUFXEUE2RHT4ZnWDD4EQvRxj_YV-jfPOfxA.uqNL2HR0lT2uoiUzqOy_6hzrGUUvNKzo10PLlDkG7VA&dib_tag=se&keywords=toys+and+gifts&qid=1748104413&sr=8-123,179.0,3.6,2863
"TARBULL SuperBuddy Kids Screen Free Audio Speaker, 550+ Stories, Rhymes & Mantras Preloaded, Musical Toy with Content Upgrade & Bluetooth, Birthday Gift for Boys & Girls 3 to 10 Years (Unicorn)",https://www.amazon.in/TARBULL-SuperBuddy-Preloaded-Bluetooth-Birthday/dp/B0F3CMM1XZ/ref=sr_1_124?dib=eyJ2IjoiMSJ9.meIiF_8L7k2xtjJ9y4t6iuQ1Xei1yif1P8KhacVq-9fymtutoe3rbdNPYCRb9vMEQne-IjYHm7UMwSxlmbUrpGdJMg8h5Ak0K1ogUUYkE6Go0U7-So5qRHMXuOxQSlVZhODAtdrvI4GRf1KHehj5yX-tchixG7OJlFYQyyw4ZVTF75cMhXslWiMAZQuQcT1i2zN18qmw40Q8IJ5FlwoILlkHDm8MVgx7e75_-wSMvFGsGEXUnSO6VwCMLuxz4FYzYGhNAWJDIUFXEUE2RHT4ZnWDD4EQvRxj_YV-jfPOfxA.uqNL2HR0lT2uoiUzqOy_6hzrGUUvNKzo10PLlDkG7VA&dib_tag=se&keywords=toys+and+gifts&qid=1748104413&sr=8-124,2149.0,4.0,243
Wembley Hungry Frog Games Eating Beans Games | Indoor Games Interactive Game Toy of Family Board Games for Kids | Interactive Game Toys Multiplayer Game for 2 Player,https://www.amazon.in/Wembley-Hungry-Eating-Interactive-Multiplayer/dp/B0C4Y16FBS/ref=sr_1_125?dib=eyJ2IjoiMSJ9.meIiF_8L7k2xtjJ9y4t6iuQ1Xei1yif1P8KhacVq-9fymtutoe3rbdNPYCRb9vMEQne-IjYHm7UMwSxlmbUrpGdJMg8h5Ak0K1ogUUYkE6Go0U7-So5qRHMXuOxQSlVZhODAtdrvI4GRf1KHehj5yX-tchixG7OJlFYQyyw4ZVTF75cMhXslWiMAZQuQcT1i2zN18qmw40Q8IJ5FlwoILlkHDm8MVgx7e75_-wSMvFGsGEXUnSO6VwCMLuxz4FYzYGhNAWJDIUFXEUE2RHT4ZnWDD4EQvRxj_YV-jfPOfxA.uqNL2HR0lT2uoiUzqOy_6hzrGUUvNKzo10PLlDkG7VA&dib_tag=se&keywords=toys+and+gifts&qid=1748104413&sr=8-125,499.0,4.0,1520
"Smartivity Glow Magic Science Kit for Kids Ages 6-8-10-12 Years | 20 Amazing Glow in The Dark Science Experiments I Birthday Gifts for Boys & Girls | STEM Kit Toy for 6,7,8,9,10,11,12, Years Old",https://www.amazon.in/Smartivity-6-8-10-12-Experiments-Christmas-Birthday/dp/B09YXTYGDP/ref=sr_1_126?dib=eyJ2IjoiMSJ9.meIiF_8L7k2xtjJ9y4t6iuQ1Xei1yif1P8KhacVq-9fymtutoe3rbdNPYCRb9vMEQne-IjYHm7UMwSxlmbUrpGdJMg8h5Ak0K1ogUUYkE6Go0U7-So5qRHMXuOxQSlVZhODAtdrvI4GRf1KHehj5yX-tchixG7OJlFYQyyw4ZVTF75cMhXslWiMAZQuQcT1i2zN18qmw40Q8IJ5FlwoILlkHDm8MVgx7e75_-wSMvFGsGEXUnSO6VwCMLuxz4FYzYGhNAWJDIUFXEUE2RHT4ZnWDD4EQvRxj_YV-jfPOfxA.uqNL2HR0lT2uoiUzqOy_6hzrGUUvNKzo10PLlDkG7VA&dib_tag=se&keywords=toys+and+gifts&qid=1748104413&sr=8-126,798.0,4.2,2758
"Einstein Box Featuring Disney for 4-5-6 Year Old Boys/Girls | Disney Gift Toys for Kids | Learning and Educational Toys, Games for Kids, Books | STEM Toys |",https://www.amazon.in/Einstein-Box-Learning-Educational-Multicolor/dp/B01MTNA7I0/ref=sr_1_127?dib=eyJ2IjoiMSJ9.meIiF_8L7k2xtjJ9y4t6iuQ1Xei1yif1P8KhacVq-9fymtutoe3rbdNPYCRb9vMEQne-IjYHm7UMwSxlmbUrpGdJMg8h5Ak0K1ogUUYkE6Go0U7-So5qRHMXuOxQSlVZhODAtdrvI4GRf1KHehj5yX-tchixG7OJlFYQyyw4ZVTF75cMhXslWiMAZQuQcT1i2zN18qmw40Q8IJ5FlwoILlkHDm8MVgx7e75_-wSMvFGsGEXUnSO6VwCMLuxz4FYzYGhNAWJDIUFXEUE2RHT4ZnWDD4EQvRxj_YV-jfPOfxA.uqNL2HR0lT2uoiUzqOy_6hzrGUUvNKzo10PLlDkG7VA&dib_tag=se&keywords=toys+and+gifts&qid=1748104413&sr=8-127,698.0,4.2,7220
"Skillmatics Scissor Skills Activity Book - Snip, Snip, Art & Craft Kit for Kids, 2 Child-Safe Scissors, 25 Fun Activities, Gifts for Girls & Boys Ages 3, 4, 5, 6, 7, Multicolour, Paper",https://www.amazon.in/Skillmatics-Art-Craft-Activity-Kit/dp/B0CCYHWHXC/ref=sr_1_128?dib=eyJ2IjoiMSJ9.meIiF_8L7k2xtjJ9y4t6iuQ1Xei1yif1P8KhacVq-9fymtutoe3rbdNPYCRb9vMEQne-IjYHm7UMwSxlmbUrpGdJMg8h5Ak0K1ogUUYkE6Go0U7-So5qRHMXuOxQSlVZhODAtdrvI4GRf1KHehj5yX-tchixG7OJlFYQyyw4ZVTF75cMhXslWiMAZQuQcT1i2zN18qmw40Q8IJ5FlwoILlkHDm8MVgx7e75_-wSMvFGsGEXUnSO6VwCMLuxz4FYzYGhNAWJDIUFXEUE2RHT4ZnWDD4EQvRxj_YV-jfPOfxA.uqNL2HR0lT2uoiUzqOy_6hzrGUUvNKzo10PLlDkG7VA&dib_tag=se&keywords=toys+and+gifts&qid=1748104413&sr=8-128,568.0,4.3,1574
"SMART PICKS Kid Drop Puzzle Game Multicolor, 9.8 x 3 x 10.5 Centimeters",https://www.amazon.in/Smart-Picks-Drop-Puzzle-Game/dp/B08G1VVQC2/ref=sr_1_129?dib=eyJ2IjoiMSJ9.meIiF_8L7k2xtjJ9y4t6iuQ1Xei1yif1P8KhacVq-9fymtutoe3rbdNPYCRb9vMEQne-IjYHm7UMwSxlmbUrpGdJMg8h5Ak0K1ogUUYkE6Go0U7-So5qRHMXuOxQSlVZhODAtdrvI4GRf1KHehj5yX-tchixG7OJlFYQyyw4ZVTF75cMhXslWiMAZQuQcT1i2zN18qmw40Q8IJ5FlwoILlkHDm8MVgx7e75_-wSMvFGsGEXUnSO6VwCMLuxz4FYzYGhNAWJDIUFXEUE2RHT4ZnWDD4EQvRxj_YV-jfPOfxA.uqNL2HR0lT2uoiUzqOy_6hzrGUUvNKzo10PLlDkG7VA&dib_tag=se&keywords=toys+and+gifts&qid=1748104413&sr=8-129,,3.8,8164
"Giggles Funskool Walk N Drive Truck, Fun & Development Toy for Babies, Encourage Walking In Infants, Improve Balance & Coordination, Stimulate Senses, Multicolour, Gift Set for Kids, Ages 18+ Months",https://www.amazon.in/Giggles-2889570100-Encourages-Preschool-Multicolour/dp/B004RCNLHG/ref=sr_1_130?dib=eyJ2IjoiMSJ9.meIiF_8L7k2xtjJ9y4t6iuQ1Xei1yif1P8KhacVq-9fymtutoe3rbdNPYCRb9vMEQne-IjYHm7UMwSxlmbUrpGdJMg8h5Ak0K1ogUUYkE6Go0U7-So5qRHMXuOxQSlVZhODAtdrvI4GRf1KHehj5yX-tchixG7OJlFYQyyw4ZVTF75cMhXslWiMAZQuQcT1i2zN18qmw40Q8IJ5FlwoILlkHDm8MVgx7e75_-wSMvFGsGEXUnSO6VwCMLuxz4FYzYGhNAWJDIUFXEUE2RHT4ZnWDD4EQvRxj_YV-jfPOfxA.uqNL2HR0lT2uoiUzqOy_6hzrGUUvNKzo10PLlDkG7VA&dib_tag=se&keywords=toys+and+gifts&qid=1748104413&sr=8-130,499.0,4.0,4306
"Mirana Block Rider Toy Train Set with Colorful & Multiple Track Layout, USB Rechargeable Type-C Engine, Various Sound Modes - Vande Bharat, Rajdhani, Delhi Metro, Kids 2-8 Years (Basic - 47 Pcs)",https://www.amazon.in/Mirana-Colorful-Multiple-Rechargeable-Various/dp/B0D6BVMM8C/ref=sr_1_131?dib=eyJ2IjoiMSJ9.meIiF_8L7k2xtjJ9y4t6iuQ1Xei1yif1P8KhacVq-9fymtutoe3rbdNPYCRb9vMEQne-IjYHm7UMwSxlmbUrpGdJMg8h5Ak0K1ogUUYkE6Go0U7-So5qRHMXuOxQSlVZhODAtdrvI4GRf1KHehj5yX-tchixG7OJlFYQyyw4ZVTF75cMhXslWiMAZQuQcT1i2zN18qmw40Q8IJ5FlwoILlkHDm8MVgx7e75_-wSMvFGsGEXUnSO6VwCMLuxz4FYzYGhNAWJDIUFXEUE2RHT4ZnWDD4EQvRxj_YV-jfPOfxA.uqNL2HR0lT2uoiUzqOy_6hzrGUUvNKzo10PLlDkG7VA&dib_tag=se&keywords=toys+and+gifts&qid=1748104413&sr=8-131,998.0,4.1,305
Wembley Kids Digital Camera Compact Unicorn Design Selfie Camera Video Recorder Photo Capture Games 4GB SD Card 2.0 Inch Screen for Girls Boys 4+ 5 6 7 8 - Purple,https://www.amazon.in/Wembley-Digital-Compact-Unicorn-Recorder/dp/B0DJFNSZF6/ref=sr_1_132?dib=eyJ2IjoiMSJ9.meIiF_8L7k2xtjJ9y4t6iuQ1Xei1yif1P8KhacVq-9fymtutoe3rbdNPYCRb9vMEQne-IjYHm7UMwSxlmbUrpGdJMg8h5Ak0K1ogUUYkE6Go0U7-So5qRHMXuOxQSlVZhODAtdrvI4GRf1KHehj5yX-tchixG7OJlFYQyyw4ZVTF75cMhXslWiMAZQuQcT1i2zN18qmw40Q8IJ5FlwoILlkHDm8MVgx7e75_-wSMvFGsGEXUnSO6VwCMLuxz4FYzYGhNAWJDIUFXEUE2RHT4ZnWDD4EQvRxj_YV-jfPOfxA.uqNL2HR0lT2uoiUzqOy_6hzrGUUvNKzo10PLlDkG7VA&dib_tag=se&keywords=toys+and+gifts&qid=1748104413&sr=8-132,1979.0,4.2,115
"Cubelelo Drift Number Sliding Magnetic Puzzle 4x4 | Toys For 6-10 Years Old Boys & Girls | 15-Blocks Brain Teaser Puzzle Game for Kids | Educational, Learning, Activity Toy for Return & Birthday Gifts",https://www.amazon.in/Cubelelo-Magnetic-15-Blocks-Educational-Learning/dp/B09HH8CC7Y/ref=sr_1_133?dib=eyJ2IjoiMSJ9.meIiF_8L7k2xtjJ9y4t6iuQ1Xei1yif1P8KhacVq-9fymtutoe3rbdNPYCRb9vMEQne-IjYHm7UMwSxlmbUrpGdJMg8h5Ak0K1ogUUYkE6Go0U7-So5qRHMXuOxQSlVZhODAtdrvI4GRf1KHehj5yX-tchixG7OJlFYQyyw4ZVTF75cMhXslWiMAZQuQcT1i2zN18qmw40Q8IJ5FlwoILlkHDm8MVgx7e75_-wSMvFGsGEXUnSO6VwCMLuxz4FYzYGhNAWJDIUFXEUE2RHT4ZnWDD4EQvRxj_YV-jfPOfxA.uqNL2HR0lT2uoiUzqOy_6hzrGUUvNKzo10PLlDkG7VA&dib_tag=se&keywords=toys+and+gifts&qid=1748104413&sr=8-133,398.0,4.3,73
"Smartivity 20in1 Spin-n-Go Kit for Kids Ages 6-7-8-9-10-11-12 I Build a Moving Robot, CAR, Airplane & More I Birthday Gifts for Boys & Girls | DIY Science Toy for Kids 6-12 Years Old,Multicolor",https://www.amazon.in/Smartivity-Birthday-6-8-10-12-Educational-Science/dp/B0CDXTSZQS/ref=sr_1_134?dib=eyJ2IjoiMSJ9.meIiF_8L7k2xtjJ9y4t6iuQ1Xei1yif1P8KhacVq-9fymtutoe3rbdNPYCRb9vMEQne-IjYHm7UMwSxlmbUrpGdJMg8h5Ak0K1ogUUYkE6Go0U7-So5qRHMXuOxQSlVZhODAtdrvI4GRf1KHehj5yX-tchixG7OJlFYQyyw4ZVTF75cMhXslWiMAZQuQcT1i2zN18qmw40Q8IJ5FlwoILlkHDm8MVgx7e75_-wSMvFGsGEXUnSO6VwCMLuxz4FYzYGhNAWJDIUFXEUE2RHT4ZnWDD4EQvRxj_YV-jfPOfxA.uqNL2HR0lT2uoiUzqOy_6hzrGUUvNKzo10PLlDkG7VA&dib_tag=se&keywords=toys+and+gifts&qid=1748104413&sr=8-134,838.0,4.4,241
"Cable World® Stationary Kit Set for School Kids,Girls/Boys Birthday Gift - Pencil Pen Book Eraser Sharpener - Multicolor",https://www.amazon.in/Cable-World%C2%AE-Stationary-School-Kids/dp/B0B5ZR7751/ref=sr_1_135?dib=eyJ2IjoiMSJ9.meIiF_8L7k2xtjJ9y4t6iuQ1Xei1yif1P8KhacVq-9fymtutoe3rbdNPYCRb9vMEQne-IjYHm7UMwSxlmbUrpGdJMg8h5Ak0K1ogUUYkE6Go0U7-So5qRHMXuOxQSlVZhODAtdrvI4GRf1KHehj5yX-tchixG7OJlFYQyyw4ZVTF75cMhXslWiMAZQuQcT1i2zN18qmw40Q8IJ5FlwoILlkHDm8MVgx7e75_-wSMvFGsGEXUnSO6VwCMLuxz4FYzYGhNAWJDIUFXEUE2RHT4ZnWDD4EQvRxj_YV-jfPOfxA.uqNL2HR0lT2uoiUzqOy_6hzrGUUvNKzo10PLlDkG7VA&dib_tag=se&keywords=toys+and+gifts&qid=1748104413&sr=8-135,199.0,4.0,1084
Toy Imagine Guitar Toy 4-String Acoustic Music Learning Toys | Sound Toys Best Gift for Kids | Musical Instrument Educational Toy Guitar for Beginner | Age 3 - 6 (Product Colour May Vary) 18,https://www.amazon.in/Toy-ImagineTM-4-String-Instrument-Educational/dp/B0CFR631LN/ref=sr_1_136?dib=eyJ2IjoiMSJ9.meIiF_8L7k2xtjJ9y4t6iuQ1Xei1yif1P8KhacVq-9fymtutoe3rbdNPYCRb9vMEQne-IjYHm7UMwSxlmbUrpGdJMg8h5Ak0K1ogUUYkE6Go0U7-So5qRHMXuOxQSlVZhODAtdrvI4GRf1KHehj5yX-tchixG7OJlFYQyyw4ZVTF75cMhXslWiMAZQuQcT1i2zN18qmw40Q8IJ5FlwoILlkHDm8MVgx7e75_-wSMvFGsGEXUnSO6VwCMLuxz4FYzYGhNAWJDIUFXEUE2RHT4ZnWDD4EQvRxj_YV-jfPOfxA.uqNL2HR0lT2uoiUzqOy_6hzrGUUvNKzo10PLlDkG7VA&dib_tag=se&keywords=toys+and+gifts&qid=1748104413&sr=8-136,295.0,3.7,1498
"blue tree Cute Kids Backpack Toddler Bag Plush Animal Cartoon Mini Travel Bag for Baby Girl Boy 1-6 Years, Ideal for Gifting for Kids",https://www.amazon.in/Backpack-Toddler-Animal-Cartoon-Travel/dp/B08D5CDHPT/ref=sr_1_137?dib=eyJ2IjoiMSJ9.meIiF_8L7k2xtjJ9y4t6iuQ1Xei1yif1P8KhacVq-9fymtutoe3rbdNPYCRb9vMEQne-IjYHm7UMwSxlmbUrpGdJMg8h5Ak0K1ogUUYkE6Go0U7-So5qRHMXuOxQSlVZhODAtdrvI4GRf1KHehj5yX-tchixG7OJlFYQyyw4ZVTF75cMhXslWiMAZQuQcT1i2zN18qmw40Q8IJ5FlwoILlkHDm8MVgx7e75_-wSMvFGsGEXUnSO6VwCMLuxz4FYzYGhNAWJDIUFXEUE2RHT4ZnWDD4EQvRxj_YV-jfPOfxA.uqNL2HR0lT2uoiUzqOy_6hzrGUUvNKzo10PLlDkG7VA&dib_tag=se&keywords=toys+and+gifts&qid=1748104413&sr=8-137,283.0,4.2,181
Toy Imagine Astronaut Galaxy Projector Night Lamp for Kids Toys Nebula Light Colorful Projection Robot Birthday Gift for Kid Adults Baby,https://www.amazon.in/Toy-Imagine-Transform-Astronaut-Projector/dp/B0D7MQYRDK/ref=sr_1_138?dib=eyJ2IjoiMSJ9.meIiF_8L7k2xtjJ9y4t6iuQ1Xei1yif1P8KhacVq-9fymtutoe3rbdNPYCRb9vMEQne-IjYHm7UMwSxlmbUrpGdJMg8h5Ak0K1ogUUYkE6Go0U7-So5qRHMXuOxQSlVZhODAtdrvI4GRf1KHehj5yX-tchixG7OJlFYQyyw4ZVTF75cMhXslWiMAZQuQcT1i2zN18qmw40Q8IJ5FlwoILlkHDm8MVgx7e75_-wSMvFGsGEXUnSO6VwCMLuxz4FYzYGhNAWJDIUFXEUE2RHT4ZnWDD4EQvRxj_YV-jfPOfxA.uqNL2HR0lT2uoiUzqOy_6hzrGUUvNKzo10PLlDkG7VA&dib_tag=se&keywords=toys+and+gifts&qid=1748104413&sr=8-138,699.0,3.8,252
Toy Imagine Kids Digital Camera with 2 inch Screen Activity Toy Birthday Gift for Kids 3+ Year - Without SD Card,https://www.amazon.in/Toy-Imagine-Digital-Activity-Birthday/dp/B0DGG5TC9R/ref=sr_1_139?dib=eyJ2IjoiMSJ9.meIiF_8L7k2xtjJ9y4t6iuQ1Xei1yif1P8KhacVq-9fymtutoe3rbdNPYCRb9vMEQne-IjYHm7UMwSxlmbUrpGdJMg8h5Ak0K1ogUUYkE6Go0U7-So5qRHMXuOxQSlVZhODAtdrvI4GRf1KHehj5yX-tchixG7OJlFYQyyw4ZVTF75cMhXslWiMAZQuQcT1i2zN18qmw40Q8IJ5FlwoILlkHDm8MVgx7e75_-wSMvFGsGEXUnSO6VwCMLuxz4FYzYGhNAWJDIUFXEUE2RHT4ZnWDD4EQvRxj_YV-jfPOfxA.uqNL2HR0lT2uoiUzqOy_6hzrGUUvNKzo10PLlDkG7VA&dib_tag=se&keywords=toys+and+gifts&qid=1748104413&sr=8-139,659.0,3.7,142
Mirana C-Type USB Rechargeable Battery Powered Hover Football Indoor Floating Hoverball Soccer | Air Football Smart | Made in India Fun Toy Best Gift for Kids Boys and Girls 2-10 Years (RedGolden),https://www.amazon.in/Mirana-Rechargeable-Football-Hoverball-RedGolden/dp/B0BTDY914F/ref=sr_1_140?dib=eyJ2IjoiMSJ9.meIiF_8L7k2xtjJ9y4t6iuQ1Xei1yif1P8KhacVq-9fymtutoe3rbdNPYCRb9vMEQne-IjYHm7UMwSxlmbUrpGdJMg8h5Ak0K1ogUUYkE6Go0U7-So5qRHMXuOxQSlVZhODAtdrvI4GRf1KHehj5yX-tchixG7OJlFYQyyw4ZVTF75cMhXslWiMAZQuQcT1i2zN18qmw40Q8IJ5FlwoILlkHDm8MVgx7e75_-wSMvFGsGEXUnSO6VwCMLuxz4FYzYGhNAWJDIUFXEUE2RHT4ZnWDD4EQvRxj_YV-jfPOfxA.uqNL2HR0lT2uoiUzqOy_6hzrGUUvNKzo10PLlDkG7VA&dib_tag=se&keywords=toys+and+gifts&qid=1748104413&sr=8-140,698.0,4.0,8303
"Pelikas Toyz Tangram Brain-Booster Puzzle - Magnetic Puzzle for Kids, Educational Travel Toys for Kids 5 Years & Above, Gift for Boys Girls, Magnetic Tangram Junior",https://www.amazon.in/Pelikas-Booster-Educational-Learning-Magnetic/dp/B09KWZZJWF/ref=sr_1_141?dib=eyJ2IjoiMSJ9.meIiF_8L7k2xtjJ9y4t6iuQ1Xei1yif1P8KhacVq-9fymtutoe3rbdNPYCRb9vMEQne-IjYHm7UMwSxlmbUrpGdJMg8h5Ak0K1ogUUYkE6Go0U7-So5qRHMXuOxQSlVZhODAtdrvI4GRf1KHehj5yX-tchixG7OJlFYQyyw4ZVTF75cMhXslWiMAZQuQcT1i2zN18qmw40Q8IJ5FlwoILlkHDm8MVgx7e75_-wSMvFGsGEXUnSO6VwCMLuxz4FYzYGhNAWJDIUFXEUE2RHT4ZnWDD4EQvRxj_YV-jfPOfxA.uqNL2HR0lT2uoiUzqOy_6hzrGUUvNKzo10PLlDkG7VA&dib_tag=se&keywords=toys+and+gifts&qid=1748104413&sr=8-141,460.0,4.3,1188
"Gooyo GY-2020 Battery Operated Voice Control Monkey Toy with Musical, Dancing,Spinning,Rolling and Sensor Feature for Gifts/Kids/Babies/Boys/Girls|Orange Color,Power Source:3xAAA Battery(Not Included)",https://www.amazon.in/Gooyo-GY-2020-Battery-Operated-Spinning/dp/B0C77YSVNL/ref=sr_1_142?dib=eyJ2IjoiMSJ9.meIiF_8L7k2xtjJ9y4t6iuQ1Xei1yif1P8KhacVq-9fymtutoe3rbdNPYCRb9vMEQne-IjYHm7UMwSxlmbUrpGdJMg8h5Ak0K1ogUUYkE6Go0U7-So5qRHMXuOxQSlVZhODAtdrvI4GRf1KHehj5yX-tchixG7OJlFYQyyw4ZVTF75cMhXslWiMAZQuQcT1i2zN18qmw40Q8IJ5FlwoILlkHDm8MVgx7e75_-wSMvFGsGEXUnSO6VwCMLuxz4FYzYGhNAWJDIUFXEUE2RHT4ZnWDD4EQvRxj_YV-jfPOfxA.uqNL2HR0lT2uoiUzqOy_6hzrGUUvNKzo10PLlDkG7VA&dib_tag=se&keywords=toys+and+gifts&qid=1748104413&sr=8-142,198.0,3.7,749
Toy Imagine™ Ice Hockey Game for Kids | Sports Game with 2 Pushers | Smooth Surface Air Cushion Hockey | Accessories Board Game | Indoor Game Gift | Battery Operated (Battery Included). 3+ Years...,https://www.amazon.in/Toy-ImagineTM-Accessories-Operated-Included/dp/B0CGXK4Q3X/ref=sr_1_143?dib=eyJ2IjoiMSJ9.meIiF_8L7k2xtjJ9y4t6iuQ1Xei1yif1P8KhacVq-9fymtutoe3rbdNPYCRb9vMEQne-IjYHm7UMwSxlmbUrpGdJMg8h5Ak0K1ogUUYkE6Go0U7-So5qRHMXuOxQSlVZhODAtdrvI4GRf1KHehj5yX-tchixG7OJlFYQyyw4ZVTF75cMhXslWiMAZQuQcT1i2zN18qmw40Q8IJ5FlwoILlkHDm8MVgx7e75_-wSMvFGsGEXUnSO6VwCMLuxz4FYzYGhNAWJDIUFXEUE2RHT4ZnWDD4EQvRxj_YV-jfPOfxA.uqNL2HR0lT2uoiUzqOy_6hzrGUUvNKzo10PLlDkG7VA&dib_tag=se&keywords=toys+and+gifts&qid=1748104413&sr=8-143,289.0,3.7,539
Lifelong Cuppy Horse Ride-On for Kids 1+ Years | Sturdy & Comfortable Push Ride | Safe & Durable Design | Indoor & Outdoor Play Toy Vehicle for Boys & Girls | Fun & Engaging Toddler Ride-On (LLCHR01),https://www.amazon.in/Lifelong-Comfortable-Durable-Engaging-LLCHR01/dp/B0DSWBP726/ref=sr_1_144?dib=eyJ2IjoiMSJ9.meIiF_8L7k2xtjJ9y4t6iuQ1Xei1yif1P8KhacVq-9fymtutoe3rbdNPYCRb9vMEQne-IjYHm7UMwSxlmbUrpGdJMg8h5Ak0K1ogUUYkE6Go0U7-So5qRHMXuOxQSlVZhODAtdrvI4GRf1KHehj5yX-tchixG7OJlFYQyyw4ZVTF75cMhXslWiMAZQuQcT1i2zN18qmw40Q8IJ5FlwoILlkHDm8MVgx7e75_-wSMvFGsGEXUnSO6VwCMLuxz4FYzYGhNAWJDIUFXEUE2RHT4ZnWDD4EQvRxj_YV-jfPOfxA.uqNL2HR0lT2uoiUzqOy_6hzrGUUvNKzo10PLlDkG7VA&dib_tag=se&keywords=toys+and+gifts&qid=1748104413&sr=8-144,849.0,5.0,8
"Toys Smart Activity Fun&Learning Blocks Geometrics, Educational & Learning Sorter Toys, Color Choose Stacking Block Game for Kids Baby, 1 2 3+ Year Activity Toys (Russian Puzzle)",https://www.amazon.in/Activity-Learning-Geometrics-Educational-Baby/dp/B0DRVN7STY/ref=sr_1_193?dib=eyJ2IjoiMSJ9.Pl212QLa3j-0kciv1-Ya7kgbN_FV31ipAPSf5UE7s78aL_4QxhDQZtOI8BFl-vO46OWlEXeGiD7H1PykapmkrpfXvWCLSRzVaAAd6PcAELjXeIzlX9asytaBU95sjL09ijkYuftSUAuyzbaO_knluO4H8sai8uNMmDvdEum6PE9vMBwP_s59nFwArXtN_8BXdjQvDgRHUmVsKrBIEAKP12eBvtHMe7Bth4s0uI0NxrnnM2w22PBh3cERTSDE0vfRDuw30FAdkNo01UlEed9_Q9C0n4-v_KP6oKvi9ICna0E.SkK1d9PXkHlDHtLxAcyF7zkrUfcnUcYYxSAB6yIeyxo&dib_tag=se&keywords=toys+and+gifts&qid=1748104444&sr=8-193,149.0,4.3,140
"Novo Baby Wooden Learning Educational ABCD Board for Kids, Activity Toys for Toddlers & Preschoolers | ABCD Puzzle Set | Puzzle Toys for 2 Years Old Boys & Girls (Alphabets, Numbers & Shapes)",https://www.amazon.in/Novo-Baby-Featuring-Alphabets-Educational/dp/B0CW3J7GGZ/ref=sr_1_194?dib=eyJ2IjoiMSJ9.Pl212QLa3j-0kciv1-Ya7kgbN_FV31ipAPSf5UE7s78aL_4QxhDQZtOI8BFl-vO46OWlEXeGiD7H1PykapmkrpfXvWCLSRzVaAAd6PcAELjXeIzlX9asytaBU95sjL09ijkYuftSUAuyzbaO_knluO4H8sai8uNMmDvdEum6PE9vMBwP_s59nFwArXtN_8BXdjQvDgRHUmVsKrBIEAKP12eBvtHMe7Bth4s0uI0NxrnnM2w22PBh3cERTSDE0vfRDuw30FAdkNo01UlEed9_Q9C0n4-v_KP6oKvi9ICna0E.SkK1d9PXkHlDHtLxAcyF7zkrUfcnUcYYxSAB6yIeyxo&dib_tag=se&keywords=toys+and+gifts&qid=1748104444&sr=8-194,339.0,4.2,502
MiniExplorer 2 in 1 Monkey and Banana Balancing Toy for Kids with Educational Math Counting Number Learning Activity Toy Engaging Preschool Game Children's Gift for Boys Girls 3 4 5 6 7 8 Years,https://www.amazon.in/MiniExplorer-Balancing-Educational-Preschool-Childrens/dp/B0DPMWD61K/ref=sr_1_195?dib=eyJ2IjoiMSJ9.Pl212QLa3j-0kciv1-Ya7kgbN_FV31ipAPSf5UE7s78aL_4QxhDQZtOI8BFl-vO46OWlEXeGiD7H1PykapmkrpfXvWCLSRzVaAAd6PcAELjXeIzlX9asytaBU95sjL09ijkYuftSUAuyzbaO_knluO4H8sai8uNMmDvdEum6PE9vMBwP_s59nFwArXtN_8BXdjQvDgRHUmVsKrBIEAKP12eBvtHMe7Bth4s0uI0NxrnnM2w22PBh3cERTSDE0vfRDuw30FAdkNo01UlEed9_Q9C0n4-v_KP6oKvi9ICna0E.SkK1d9PXkHlDHtLxAcyF7zkrUfcnUcYYxSAB6yIeyxo&dib_tag=se&keywords=toys+and+gifts&qid=1748104444&sr=8-195,499.0,4.9,23
"Babique Elephant Sitting Plush Soft Toy Cute Kids Animal Home Decor Boys/Girls (Blue, 30 cm)",https://www.amazon.in/Babique-Elephant-Sitting-Plush-Animal/dp/B0BD5TR6FD/ref=sr_1_196?dib=eyJ2IjoiMSJ9.Pl212QLa3j-0kciv1-Ya7kgbN_FV31ipAPSf5UE7s78aL_4QxhDQZtOI8BFl-vO46OWlEXeGiD7H1PykapmkrpfXvWCLSRzVaAAd6PcAELjXeIzlX9asytaBU95sjL09ijkYuftSUAuyzbaO_knluO4H8sai8uNMmDvdEum6PE9vMBwP_s59nFwArXtN_8BXdjQvDgRHUmVsKrBIEAKP12eBvtHMe7Bth4s0uI0NxrnnM2w22PBh3cERTSDE0vfRDuw30FAdkNo01UlEed9_Q9C0n4-v_KP6oKvi9ICna0E.SkK1d9PXkHlDHtLxAcyF7zkrUfcnUcYYxSAB6yIeyxo&dib_tag=se&keywords=toys+and+gifts&qid=1748104444&sr=8-196,253.0,4.2,2691
"Gooyo DB2060 Rechargeable 360° Rotating & Rolling Small Stunt Car Toy with USB Cable & Remote Controller | Red Color, Power Source: Lithium Battery in Car (Included)",https://www.amazon.in/Gooyo-Rotating-Rechargeable-Controller-Functional/dp/B0BLBW79NQ/ref=sr_1_197?dib=eyJ2IjoiMSJ9.Pl212QLa3j-0kciv1-Ya7kgbN_FV31ipAPSf5UE7s78aL_4QxhDQZtOI8BFl-vO46OWlEXeGiD7H1PykapmkrpfXvWCLSRzVaAAd6PcAELjXeIzlX9asytaBU95sjL09ijkYuftSUAuyzbaO_knluO4H8sai8uNMmDvdEum6PE9vMBwP_s59nFwArXtN_8BXdjQvDgRHUmVsKrBIEAKP12eBvtHMe7Bth4s0uI0NxrnnM2w22PBh3cERTSDE0vfRDuw30FAdkNo01UlEed9_Q9C0n4-v_KP6oKvi9ICna0E.SkK1d9PXkHlDHtLxAcyF7zkrUfcnUcYYxSAB6yIeyxo&dib_tag=se&keywords=toys+and+gifts&qid=1748104444&sr=8-197,388.0,3.6,1147
"GLUN® Rainbow Scratch Notebook with Magical Vibgyor Color with Pencil Stick Notepad, Educational Toy for Kids Pack of 1",https://www.amazon.in/Rainbow-Scratch-Notebook-Magical-Educational/dp/B0D17QKRNK/ref=sr_1_198?dib=eyJ2IjoiMSJ9.Pl212QLa3j-0kciv1-Ya7kgbN_FV31ipAPSf5UE7s78aL_4QxhDQZtOI8BFl-vO46OWlEXeGiD7H1PykapmkrpfXvWCLSRzVaAAd6PcAELjXeIzlX9asytaBU95sjL09ijkYuftSUAuyzbaO_knluO4H8sai8uNMmDvdEum6PE9vMBwP_s59nFwArXtN_8BXdjQvDgRHUmVsKrBIEAKP12eBvtHMe7Bth4s0uI0NxrnnM2w22PBh3cERTSDE0vfRDuw30FAdkNo01UlEed9_Q9C0n4-v_KP6oKvi9ICna0E.SkK1d9PXkHlDHtLxAcyF7zkrUfcnUcYYxSAB6yIeyxo&dib_tag=se&keywords=toys+and+gifts&qid=1748104444&sr=8-198,67.0,4.1,76
Storio Toy Super Cute Plushie Soft Toys for Kids | Plush Soft Toys for Baby Boys and Girls Kids -Reversible Rabbit | Best Valentine Gift,https://www.amazon.in/Storio-Plushie-Reversible-Rabbit-Valentine/dp/B0CQG947NZ/ref=sr_1_199?dib=eyJ2IjoiMSJ9.Pl212QLa3j-0kciv1-Ya7kgbN_FV31ipAPSf5UE7s78aL_4QxhDQZtOI8BFl-vO46OWlEXeGiD7H1PykapmkrpfXvWCLSRzVaAAd6PcAELjXeIzlX9asytaBU95sjL09ijkYuftSUAuyzbaO_knluO4H8sai8uNMmDvdEum6PE9vMBwP_s59nFwArXtN_8BXdjQvDgRHUmVsKrBIEAKP12eBvtHMe7Bth4s0uI0NxrnnM2w22PBh3cERTSDE0vfRDuw30FAdkNo01UlEed9_Q9C0n4-v_KP6oKvi9ICna0E.SkK1d9PXkHlDHtLxAcyF7zkrUfcnUcYYxSAB6yIeyxo&dib_tag=se&keywords=toys+and+gifts&qid=1748104444&sr=8-199,297.0,4.2,1739
Amazon Brand - Jam & Honey Foosball Table | Soccer Board Game for Boys and Girls Age 5-12 Years | Portable | Indoor Outdoor Board Game | Medium | 51 x 37 x 10 cm,https://www.amazon.in/Amazon-Brand-Foosball-Medium-Multicolor/dp/B0B5VJSPG4/ref=sr_1_200?dib=eyJ2IjoiMSJ9.Pl212QLa3j-0kciv1-Ya7kgbN_FV31ipAPSf5UE7s78aL_4QxhDQZtOI8BFl-vO46OWlEXeGiD7H1PykapmkrpfXvWCLSRzVaAAd6PcAELjXeIzlX9asytaBU95sjL09ijkYuftSUAuyzbaO_knluO4H8sai8uNMmDvdEum6PE9vMBwP_s59nFwArXtN_8BXdjQvDgRHUmVsKrBIEAKP12eBvtHMe7Bth4s0uI0NxrnnM2w22PBh3cERTSDE0vfRDuw30FAdkNo01UlEed9_Q9C0n4-v_KP6oKvi9ICna0E.SkK1d9PXkHlDHtLxAcyF7zkrUfcnUcYYxSAB6yIeyxo&dib_tag=se&keywords=toys+and+gifts&qid=1748104444&sr=8-200,1549.0,4.2,1467
"Niwlix Memory Chess Game, Color Memory Chess, Board Games, Educational Intelligent Games Toys for Boys and Girls Fun Adults at Home Zone Toys for 6 Year Old Boy funzone",https://www.amazon.in/Niwlix-Parent-Child-Interaction-Educational-Intelligent/dp/B0D76WJPHY/ref=sr_1_201?dib=eyJ2IjoiMSJ9.Pl212QLa3j-0kciv1-Ya7kgbN_FV31ipAPSf5UE7s78aL_4QxhDQZtOI8BFl-vO46OWlEXeGiD7H1PykapmkrpfXvWCLSRzVaAAd6PcAELjXeIzlX9asytaBU95sjL09ijkYuftSUAuyzbaO_knluO4H8sai8uNMmDvdEum6PE9vMBwP_s59nFwArXtN_8BXdjQvDgRHUmVsKrBIEAKP12eBvtHMe7Bth4s0uI0NxrnnM2w22PBh3cERTSDE0vfRDuw30FAdkNo01UlEed9_Q9C0n4-v_KP6oKvi9ICna0E.SkK1d9PXkHlDHtLxAcyF7zkrUfcnUcYYxSAB6yIeyxo&dib_tag=se&keywords=toys+and+gifts&qid=1748104444&sr=8-201,299.0,4.5,173
"AMENDAS Wooden Learning Educational Board for Kids, Puzzle Toys for 2 Years Old Boys & Girls Educational Toys for Toddlers & Preschoolers, ABCD (Alphabet, Numbers, Shapes)",https://www.amazon.in/AMENDAS-Learning-Educational-Toddlers-Preschoolers/dp/B0DXVJYMCH/ref=sr_1_202?dib=eyJ2IjoiMSJ9.Pl212QLa3j-0kciv1-Ya7kgbN_FV31ipAPSf5UE7s78aL_4QxhDQZtOI8BFl-vO46OWlEXeGiD7H1PykapmkrpfXvWCLSRzVaAAd6PcAELjXeIzlX9asytaBU95sjL09ijkYuftSUAuyzbaO_knluO4H8sai8uNMmDvdEum6PE9vMBwP_s59nFwArXtN_8BXdjQvDgRHUmVsKrBIEAKP12eBvtHMe7Bth4s0uI0NxrnnM2w22PBh3cERTSDE0vfRDuw30FAdkNo01UlEed9_Q9C0n4-v_KP6oKvi9ICna0E.SkK1d9PXkHlDHtLxAcyF7zkrUfcnUcYYxSAB6yIeyxo&dib_tag=se&keywords=toys+and+gifts&qid=1748104444&sr=8-202,299.0,4.5,48
VGRASSP Bot Robot Pioneer Colorful Lights and Music All Direction Movement Dancing Robot Toys for Boys and Girls (Color as per Stock Availability),https://www.amazon.in/VGRASSP-Pioneer-Colorful-Direction-Movement/dp/B0844ZC51G/ref=sr_1_203?dib=eyJ2IjoiMSJ9.Pl212QLa3j-0kciv1-Ya7kgbN_FV31ipAPSf5UE7s78aL_4QxhDQZtOI8BFl-vO46OWlEXeGiD7H1PykapmkrpfXvWCLSRzVaAAd6PcAELjXeIzlX9asytaBU95sjL09ijkYuftSUAuyzbaO_knluO4H8sai8uNMmDvdEum6PE9vMBwP_s59nFwArXtN_8BXdjQvDgRHUmVsKrBIEAKP12eBvtHMe7Bth4s0uI0NxrnnM2w22PBh3cERTSDE0vfRDuw30FAdkNo01UlEed9_Q9C0n4-v_KP6oKvi9ICna0E.SkK1d9PXkHlDHtLxAcyF7zkrUfcnUcYYxSAB6yIeyxo&dib_tag=se&keywords=toys+and+gifts&qid=1748104444&sr=8-203,699.0,3.8,394
Toyshine Dancing Duck with Music Flashing Lights and Real Dancing Action,https://www.amazon.in/Toyshine-Dancing-Flashing-Lights-Action/dp/B01CCXZYVC/ref=sr_1_204?dib=eyJ2IjoiMSJ9.Pl212QLa3j-0kciv1-Ya7kgbN_FV31ipAPSf5UE7s78aL_4QxhDQZtOI8BFl-vO46OWlEXeGiD7H1PykapmkrpfXvWCLSRzVaAAd6PcAELjXeIzlX9asytaBU95sjL09ijkYuftSUAuyzbaO_knluO4H8sai8uNMmDvdEum6PE9vMBwP_s59nFwArXtN_8BXdjQvDgRHUmVsKrBIEAKP12eBvtHMe7Bth4s0uI0NxrnnM2w22PBh3cERTSDE0vfRDuw30FAdkNo01UlEed9_Q9C0n4-v_KP6oKvi9ICna0E.SkK1d9PXkHlDHtLxAcyF7zkrUfcnUcYYxSAB6yIeyxo&dib_tag=se&keywords=toys+and+gifts&qid=1748104444&sr=8-204,369.0,3.8,2775
"Umadiya® Branded Take Apart Dinosaur Toys, Pack of 3 Dinosaurs with Screwdrivers, Dino Kids Building Learning Toys, STEM Toy for Boys and Girls, 3 4 5 6 7 8 Year Old Boys and Girls (Dino-3)",https://www.amazon.in/Umadiya%C2%AE-Dinosaur-Dinosaurs-Screwdrivers-Building/dp/B0CH9VQ1M8/ref=sr_1_205?dib=eyJ2IjoiMSJ9.Pl212QLa3j-0kciv1-Ya7kgbN_FV31ipAPSf5UE7s78aL_4QxhDQZtOI8BFl-vO46OWlEXeGiD7H1PykapmkrpfXvWCLSRzVaAAd6PcAELjXeIzlX9asytaBU95sjL09ijkYuftSUAuyzbaO_knluO4H8sai8uNMmDvdEum6PE9vMBwP_s59nFwArXtN_8BXdjQvDgRHUmVsKrBIEAKP12eBvtHMe7Bth4s0uI0NxrnnM2w22PBh3cERTSDE0vfRDuw30FAdkNo01UlEed9_Q9C0n4-v_KP6oKvi9ICna0E.SkK1d9PXkHlDHtLxAcyF7zkrUfcnUcYYxSAB6yIeyxo&dib_tag=se&keywords=toys+and+gifts&qid=1748104444&sr=8-205,388.0,4.1,887
eErlik 1Pc Fidget Wrist Band for Kids with LED Light Up Silicone Strap - Cartoon Bracelet Wristband Birthday Return Gift for Boys & Girls,https://www.amazon.in/eErlik-Fidget-Wrist-Light-Silicone/dp/B0DBQJVVBP/ref=sr_1_206?dib=eyJ2IjoiMSJ9.Pl212QLa3j-0kciv1-Ya7kgbN_FV31ipAPSf5UE7s78aL_4QxhDQZtOI8BFl-vO46OWlEXeGiD7H1PykapmkrpfXvWCLSRzVaAAd6PcAELjXeIzlX9asytaBU95sjL09ijkYuftSUAuyzbaO_knluO4H8sai8uNMmDvdEum6PE9vMBwP_s59nFwArXtN_8BXdjQvDgRHUmVsKrBIEAKP12eBvtHMe7Bth4s0uI0NxrnnM2w22PBh3cERTSDE0vfRDuw30FAdkNo01UlEed9_Q9C0n4-v_KP6oKvi9ICna0E.SkK1d9PXkHlDHtLxAcyF7zkrUfcnUcYYxSAB6yIeyxo&dib_tag=se&keywords=toys+and+gifts&qid=1748104444&sr=8-206,166.0,4.4,83
3PCS ALASOU Suction Cup Spinner Toys for 1 2 Year Old Boy&Girl|Toddler Toys Age 1-2|1 2 Year Old Boy Birthday Gift for Infant|Sensory Baby Bath Toys for Toddlers 1-3,https://www.amazon.in/ALASOU-Suction-Spinner-Birthday-Toddlers/dp/B08X1YQ2N9/ref=sr_1_207?dib=eyJ2IjoiMSJ9.Pl212QLa3j-0kciv1-Ya7kgbN_FV31ipAPSf5UE7s78aL_4QxhDQZtOI8BFl-vO46OWlEXeGiD7H1PykapmkrpfXvWCLSRzVaAAd6PcAELjXeIzlX9asytaBU95sjL09ijkYuftSUAuyzbaO_knluO4H8sai8uNMmDvdEum6PE9vMBwP_s59nFwArXtN_8BXdjQvDgRHUmVsKrBIEAKP12eBvtHMe7Bth4s0uI0NxrnnM2w22PBh3cERTSDE0vfRDuw30FAdkNo01UlEed9_Q9C0n4-v_KP6oKvi9ICna0E.SkK1d9PXkHlDHtLxAcyF7zkrUfcnUcYYxSAB6yIeyxo&dib_tag=se&keywords=toys+and+gifts&qid=1748104444&sr=8-207,425.0,4.7,9745
"Toyshine Racer Ramp Toy With 4 Cars, 4 Ramps And Race Track For 1, 2, 3 Toddlers, Boys & Girls Educational Vehicle With Figures",https://www.amazon.in/Toyshine-Racer-Ramps-Track-Toddlers/dp/B0BW9BFT46/ref=sr_1_208?dib=eyJ2IjoiMSJ9.Pl212QLa3j-0kciv1-Ya7kgbN_FV31ipAPSf5UE7s78aL_4QxhDQZtOI8BFl-vO46OWlEXeGiD7H1PykapmkrpfXvWCLSRzVaAAd6PcAELjXeIzlX9asytaBU95sjL09ijkYuftSUAuyzbaO_knluO4H8sai8uNMmDvdEum6PE9vMBwP_s59nFwArXtN_8BXdjQvDgRHUmVsKrBIEAKP12eBvtHMe7Bth4s0uI0NxrnnM2w22PBh3cERTSDE0vfRDuw30FAdkNo01UlEed9_Q9C0n4-v_KP6oKvi9ICna0E.SkK1d9PXkHlDHtLxAcyF7zkrUfcnUcYYxSAB6yIeyxo&dib_tag=se&keywords=toys+and+gifts&qid=1748104444&sr=8-208,299.0,4.4,341
PLUSPOINT Educational Game of Learning Words with Flash Cards 2 in 1 Matching Letter and Number Games for Boys and Girls Sight Words Recognition Kindergarten Teaching Tools Preschool 3 to 8 Years Old,https://www.amazon.in/PLUSPOINT-Educational-Recognition-Kindergarten-Preschool/dp/B0CPM2NDBP/ref=sr_1_209?dib=eyJ2IjoiMSJ9.Pl212QLa3j-0kciv1-Ya7kgbN_FV31ipAPSf5UE7s78aL_4QxhDQZtOI8BFl-vO46OWlEXeGiD7H1PykapmkrpfXvWCLSRzVaAAd6PcAELjXeIzlX9asytaBU95sjL09ijkYuftSUAuyzbaO_knluO4H8sai8uNMmDvdEum6PE9vMBwP_s59nFwArXtN_8BXdjQvDgRHUmVsKrBIEAKP12eBvtHMe7Bth4s0uI0NxrnnM2w22PBh3cERTSDE0vfRDuw30FAdkNo01UlEed9_Q9C0n4-v_KP6oKvi9ICna0E.SkK1d9PXkHlDHtLxAcyF7zkrUfcnUcYYxSAB6yIeyxo&dib_tag=se&keywords=toys+and+gifts&qid=1748104444&sr=8-209,419.0,4.2,53
"Niwlix Flash Cards, Educational Toys for 2 3 4 Years Old boy Girls, Talking Flsh Cards Learning Toys, Flash Cards for Babies, flashcards Multicolors",https://www.amazon.in/Niwlix-Educational-Learning-flashcards-Multicolor/dp/B0D81BLSP7/ref=sr_1_210?dib=eyJ2IjoiMSJ9.Pl212QLa3j-0kciv1-Ya7kgbN_FV31ipAPSf5UE7s78aL_4QxhDQZtOI8BFl-vO46OWlEXeGiD7H1PykapmkrpfXvWCLSRzVaAAd6PcAELjXeIzlX9asytaBU95sjL09ijkYuftSUAuyzbaO_knluO4H8sai8uNMmDvdEum6PE9vMBwP_s59nFwArXtN_8BXdjQvDgRHUmVsKrBIEAKP12eBvtHMe7Bth4s0uI0NxrnnM2w22PBh3cERTSDE0vfRDuw30FAdkNo01UlEed9_Q9C0n4-v_KP6oKvi9ICna0E.SkK1d9PXkHlDHtLxAcyF7zkrUfcnUcYYxSAB6yIeyxo&dib_tag=se&keywords=toys+and+gifts&qid=1748104444&sr=8-210,299.0,4.1,220
"Toy Imagine Ramp Roll, Ball Drop and Roll Swirling Tower for Toddler|3 Puzzle Rattle Balls Non Toxic Material| StackToy for Kids Ages 3+: Interactive Fun Excitement (Roll Ball for Kids)",https://www.amazon.in/Toy-Imagine-Development-Educational-Multicolor/dp/B09Y2YCSB7/ref=sr_1_211?dib=eyJ2IjoiMSJ9.Pl212QLa3j-0kciv1-Ya7kgbN_FV31ipAPSf5UE7s78aL_4QxhDQZtOI8BFl-vO46OWlEXeGiD7H1PykapmkrpfXvWCLSRzVaAAd6PcAELjXeIzlX9asytaBU95sjL09ijkYuftSUAuyzbaO_knluO4H8sai8uNMmDvdEum6PE9vMBwP_s59nFwArXtN_8BXdjQvDgRHUmVsKrBIEAKP12eBvtHMe7Bth4s0uI0NxrnnM2w22PBh3cERTSDE0vfRDuw30FAdkNo01UlEed9_Q9C0n4-v_KP6oKvi9ICna0E.SkK1d9PXkHlDHtLxAcyF7zkrUfcnUcYYxSAB6yIeyxo&dib_tag=se&keywords=toys+and+gifts&qid=1748104444&sr=8-211,289.0,4.1,442
"FunBlast Click and Catch Twin Ball Game Indoor Outdoor Toy Set, Pop & Catch Ball Play Fun Boys & Girls (Color May Vary)",https://www.amazon.in/FunBlast-Click-Indoor-Outdoor-Girls/dp/B07NJTFVZ6/ref=sr_1_212?dib=eyJ2IjoiMSJ9.Pl212QLa3j-0kciv1-Ya7kgbN_FV31ipAPSf5UE7s78aL_4QxhDQZtOI8BFl-vO46OWlEXeGiD7H1PykapmkrpfXvWCLSRzVaAAd6PcAELjXeIzlX9asytaBU95sjL09ijkYuftSUAuyzbaO_knluO4H8sai8uNMmDvdEum6PE9vMBwP_s59nFwArXtN_8BXdjQvDgRHUmVsKrBIEAKP12eBvtHMe7Bth4s0uI0NxrnnM2w22PBh3cERTSDE0vfRDuw30FAdkNo01UlEed9_Q9C0n4-v_KP6oKvi9ICna0E.SkK1d9PXkHlDHtLxAcyF7zkrUfcnUcYYxSAB6yIeyxo&dib_tag=se&keywords=toys+and+gifts&qid=1748104444&sr=8-212,184.0,3.4,6811
"Play Panda Magnetic Puzzles : Circles - Includes 400 Magnets, 200 Puzzles, Magnetic Board, Display Stand - for Boys and Girls",https://www.amazon.in/Play-Panda-Magnetic-Puzzles-Circles/dp/B00V7MMFKI/ref=sr_1_213?dib=eyJ2IjoiMSJ9.Pl212QLa3j-0kciv1-Ya7kgbN_FV31ipAPSf5UE7s78aL_4QxhDQZtOI8BFl-vO46OWlEXeGiD7H1PykapmkrpfXvWCLSRzVaAAd6PcAELjXeIzlX9asytaBU95sjL09ijkYuftSUAuyzbaO_knluO4H8sai8uNMmDvdEum6PE9vMBwP_s59nFwArXtN_8BXdjQvDgRHUmVsKrBIEAKP12eBvtHMe7Bth4s0uI0NxrnnM2w22PBh3cERTSDE0vfRDuw30FAdkNo01UlEed9_Q9C0n4-v_KP6oKvi9ICna0E.SkK1d9PXkHlDHtLxAcyF7zkrUfcnUcYYxSAB6yIeyxo&dib_tag=se&keywords=toys+and+gifts&qid=1748104444&sr=8-213,419.0,4.2,4099
"LuvLap Sunny Ride on & Car for Kids with Music & Horn Steering, Push Car for Baby with Backrest, Safety Guard, Under Seat Storage & Big Wheels, Ride on for Kids 1 to 3 Years Upto 25 Kgs (Blue)",https://www.amazon.in/LuvLap-Steering-Backrest-Safety-Storage/dp/B0BCGB3XDW/ref=sr_1_214?dib=eyJ2IjoiMSJ9.Pl212QLa3j-0kciv1-Ya7kgbN_FV31ipAPSf5UE7s78aL_4QxhDQZtOI8BFl-vO46OWlEXeGiD7H1PykapmkrpfXvWCLSRzVaAAd6PcAELjXeIzlX9asytaBU95sjL09ijkYuftSUAuyzbaO_knluO4H8sai8uNMmDvdEum6PE9vMBwP_s59nFwArXtN_8BXdjQvDgRHUmVsKrBIEAKP12eBvtHMe7Bth4s0uI0NxrnnM2w22PBh3cERTSDE0vfRDuw30FAdkNo01UlEed9_Q9C0n4-v_KP6oKvi9ICna0E.SkK1d9PXkHlDHtLxAcyF7zkrUfcnUcYYxSAB6yIeyxo&dib_tag=se&keywords=toys+and+gifts&qid=1748104444&sr=8-214,,4.0,11970
"LuvLap Sunny Ride on & Car for Kids with Music & Horn Steering, Push Car for Baby with Backrest, Safety Guard, Under Seat Storage & Big Wheels, Ride on for Kids 1 to 3 Years Upto 25 Kgs (Pink)",https://www.amazon.in/LuvLap-Steering-Backrest-Safety-Storage/dp/B0BCGFJ2H7/ref=sr_1_215?dib=eyJ2IjoiMSJ9.Pl212QLa3j-0kciv1-Ya7kgbN_FV31ipAPSf5UE7s78aL_4QxhDQZtOI8BFl-vO46OWlEXeGiD7H1PykapmkrpfXvWCLSRzVaAAd6PcAELjXeIzlX9asytaBU95sjL09ijkYuftSUAuyzbaO_knluO4H8sai8uNMmDvdEum6PE9vMBwP_s59nFwArXtN_8BXdjQvDgRHUmVsKrBIEAKP12eBvtHMe7Bth4s0uI0NxrnnM2w22PBh3cERTSDE0vfRDuw30FAdkNo01UlEed9_Q9C0n4-v_KP6oKvi9ICna0E.SkK1d9PXkHlDHtLxAcyF7zkrUfcnUcYYxSAB6yIeyxo&dib_tag=se&keywords=toys+and+gifts&qid=1748104444&sr=8-215,,4.0,11970
"CADDLE & TOES Kids Camera for Girls Boys, Kids Selfie Camera Toy 13MP 1080P HD Digital Video Camera for Toddler, Christmas Birthday Gifts for 4+ to 15 Years Old Children (Multicolor) (Pink)",https://www.amazon.in/CADDLE-TOES-Christmas-Birthday-Multicolor/dp/B0CHZ1HF2Q/ref=sr_1_216?dib=eyJ2IjoiMSJ9.Pl212QLa3j-0kciv1-Ya7kgbN_FV31ipAPSf5UE7s78aL_4QxhDQZtOI8BFl-vO46OWlEXeGiD7H1PykapmkrpfXvWCLSRzVaAAd6PcAELjXeIzlX9asytaBU95sjL09ijkYuftSUAuyzbaO_knluO4H8sai8uNMmDvdEum6PE9vMBwP_s59nFwArXtN_8BXdjQvDgRHUmVsKrBIEAKP12eBvtHMe7Bth4s0uI0NxrnnM2w22PBh3cERTSDE0vfRDuw30FAdkNo01UlEed9_Q9C0n4-v_KP6oKvi9ICna0E.SkK1d9PXkHlDHtLxAcyF7zkrUfcnUcYYxSAB6yIeyxo&dib_tag=se&keywords=toys+and+gifts&qid=1748104444&sr=8-216,678.0,2.9,501
"Toy Imagine Door-Hanging Tennis Ball Games for Kids (Ages 5 and Up): Interactive Fun with 2 Rackets, 5 Balls",https://www.amazon.in/Toy-Imagine-Door-Hanging-Tennis-Games/dp/B0D4Z3FXKC/ref=sr_1_217?dib=eyJ2IjoiMSJ9.Pl212QLa3j-0kciv1-Ya7kgbN_FV31ipAPSf5UE7s78aL_4QxhDQZtOI8BFl-vO46OWlEXeGiD7H1PykapmkrpfXvWCLSRzVaAAd6PcAELjXeIzlX9asytaBU95sjL09ijkYuftSUAuyzbaO_knluO4H8sai8uNMmDvdEum6PE9vMBwP_s59nFwArXtN_8BXdjQvDgRHUmVsKrBIEAKP12eBvtHMe7Bth4s0uI0NxrnnM2w22PBh3cERTSDE0vfRDuw30FAdkNo01UlEed9_Q9C0n4-v_KP6oKvi9ICna0E.SkK1d9PXkHlDHtLxAcyF7zkrUfcnUcYYxSAB6yIeyxo&dib_tag=se&keywords=toys+and+gifts&qid=1748104444&sr=8-217,450.0,3.9,310
Babique Cute Pink Rabbit soft Toys 26 cm (pink),https://www.amazon.in/Babique-Richy-Toys-Plush-Rabbit/dp/B01FC8RSAE/ref=sr_1_218?dib=eyJ2IjoiMSJ9.Pl212QLa3j-0kciv1-Ya7kgbN_FV31ipAPSf5UE7s78aL_4QxhDQZtOI8BFl-vO46OWlEXeGiD7H1PykapmkrpfXvWCLSRzVaAAd6PcAELjXeIzlX9asytaBU95sjL09ijkYuftSUAuyzbaO_knluO4H8sai8uNMmDvdEum6PE9vMBwP_s59nFwArXtN_8BXdjQvDgRHUmVsKrBIEAKP12eBvtHMe7Bth4s0uI0NxrnnM2w22PBh3cERTSDE0vfRDuw30FAdkNo01UlEed9_Q9C0n4-v_KP6oKvi9ICna0E.SkK1d9PXkHlDHtLxAcyF7zkrUfcnUcYYxSAB6yIeyxo&dib_tag=se&keywords=toys+and+gifts&qid=1748104444&sr=8-218,159.0,4.1,848
Zest 4 Toyz Musical Toy for Kids 360 Degree Rotating Dancing Boy Doll Toy with 5d Light & Sound Bump & Go Action Toy for 1 Year Old Kids Boys Girls( Battery Included),https://www.amazon.in/Zest-Toyz-Musical-Rotating-Included/dp/B09R4P52PT/ref=sr_1_219?dib=eyJ2IjoiMSJ9.Pl212QLa3j-0kciv1-Ya7kgbN_FV31ipAPSf5UE7s78aL_4QxhDQZtOI8BFl-vO46OWlEXeGiD7H1PykapmkrpfXvWCLSRzVaAAd6PcAELjXeIzlX9asytaBU95sjL09ijkYuftSUAuyzbaO_knluO4H8sai8uNMmDvdEum6PE9vMBwP_s59nFwArXtN_8BXdjQvDgRHUmVsKrBIEAKP12eBvtHMe7Bth4s0uI0NxrnnM2w22PBh3cERTSDE0vfRDuw30FAdkNo01UlEed9_Q9C0n4-v_KP6oKvi9ICna0E.SkK1d9PXkHlDHtLxAcyF7zkrUfcnUcYYxSAB6yIeyxo&dib_tag=se&keywords=toys+and+gifts&qid=1748104444&sr=8-219,549.0,3.9,2136
"PW Science Kit for School Projects Age 8,9,10,11,12,13,14 & 15 Years Old | 100+ Science Experiments",https://www.amazon.in/PW-Science-School-Projects-Experiments/dp/B0F3X6D5XQ/ref=sr_1_220?dib=eyJ2IjoiMSJ9.Pl212QLa3j-0kciv1-Ya7kgbN_FV31ipAPSf5UE7s78aL_4QxhDQZtOI8BFl-vO46OWlEXeGiD7H1PykapmkrpfXvWCLSRzVaAAd6PcAELjXeIzlX9asytaBU95sjL09ijkYuftSUAuyzbaO_knluO4H8sai8uNMmDvdEum6PE9vMBwP_s59nFwArXtN_8BXdjQvDgRHUmVsKrBIEAKP12eBvtHMe7Bth4s0uI0NxrnnM2w22PBh3cERTSDE0vfRDuw30FAdkNo01UlEed9_Q9C0n4-v_KP6oKvi9ICna0E.SkK1d9PXkHlDHtLxAcyF7zkrUfcnUcYYxSAB6yIeyxo&dib_tag=se&keywords=toys+and+gifts&qid=1748104444&sr=8-220,649.0,4.3,94
"blue tree Cute Kids Backpack Toddler Bag Plush Animal Cartoon Mini Travel Bag for Baby Girl Boy 1-5 Years (small, Angel Baby Careem, Pink)",https://www.amazon.in/Backpack-Toddler-Animal-Cartoon-Travel/dp/B0B7FGTWST/ref=sr_1_221?dib=eyJ2IjoiMSJ9.Pl212QLa3j-0kciv1-Ya7kgbN_FV31ipAPSf5UE7s78aL_4QxhDQZtOI8BFl-vO46OWlEXeGiD7H1PykapmkrpfXvWCLSRzVaAAd6PcAELjXeIzlX9asytaBU95sjL09ijkYuftSUAuyzbaO_knluO4H8sai8uNMmDvdEum6PE9vMBwP_s59nFwArXtN_8BXdjQvDgRHUmVsKrBIEAKP12eBvtHMe7Bth4s0uI0NxrnnM2w22PBh3cERTSDE0vfRDuw30FAdkNo01UlEed9_Q9C0n4-v_KP6oKvi9ICna0E.SkK1d9PXkHlDHtLxAcyF7zkrUfcnUcYYxSAB6yIeyxo&dib_tag=se&keywords=toys+and+gifts&qid=1748104444&sr=8-221,266.0,4.1,1343
Amazon Brand - Jam & Honey Makeup Set for Girls | Lightweight Portable Plastic Suitcase Kit | Ideal for 3+ Years Kids | Non-Toxic | Kid-Friendly | Pink & Blue,https://www.amazon.in/Amazon-Brand-Suitcase-Makeup-Multicolor/dp/B0B5VJDSKG/ref=sr_1_222?dib=eyJ2IjoiMSJ9.Pl212QLa3j-0kciv1-Ya7kgbN_FV31ipAPSf5UE7s78aL_4QxhDQZtOI8BFl-vO46OWlEXeGiD7H1PykapmkrpfXvWCLSRzVaAAd6PcAELjXeIzlX9asytaBU95sjL09ijkYuftSUAuyzbaO_knluO4H8sai8uNMmDvdEum6PE9vMBwP_s59nFwArXtN_8BXdjQvDgRHUmVsKrBIEAKP12eBvtHMe7Bth4s0uI0NxrnnM2w22PBh3cERTSDE0vfRDuw30FAdkNo01UlEed9_Q9C0n4-v_KP6oKvi9ICna0E.SkK1d9PXkHlDHtLxAcyF7zkrUfcnUcYYxSAB6yIeyxo&dib_tag=se&keywords=toys+and+gifts&qid=1748104444&sr=8-222,389.0,3.9,2542
"itoys Peppa Pig Theme Play Tent House For Kids Toys For 2 3 5 6 To 8 Years Old Girls Boys|Water Repellent Big Size|Bis Approved,Multicolor",https://www.amazon.in/Peppa-Playhouse-Tent-Girls-Boys/dp/B08VJ58YT9/ref=sr_1_223?dib=eyJ2IjoiMSJ9.Pl212QLa3j-0kciv1-Ya7kgbN_FV31ipAPSf5UE7s78aL_4QxhDQZtOI8BFl-vO46OWlEXeGiD7H1PykapmkrpfXvWCLSRzVaAAd6PcAELjXeIzlX9asytaBU95sjL09ijkYuftSUAuyzbaO_knluO4H8sai8uNMmDvdEum6PE9vMBwP_s59nFwArXtN_8BXdjQvDgRHUmVsKrBIEAKP12eBvtHMe7Bth4s0uI0NxrnnM2w22PBh3cERTSDE0vfRDuw30FAdkNo01UlEed9_Q9C0n4-v_KP6oKvi9ICna0E.SkK1d9PXkHlDHtLxAcyF7zkrUfcnUcYYxSAB6yIeyxo&dib_tag=se&keywords=toys+and+gifts&qid=1748104444&sr=8-223,849.0,4.1,6504
"Babique Plush Soft Toy Cute Kids Animal Home Decor Boys/Girls/Baby (10 cm, Rattle Ball)",https://www.amazon.in/Babique-Ball-Rattle-Sound-Birthday/dp/B08PVYDSX1/ref=sr_1_224?dib=eyJ2IjoiMSJ9.Pl212QLa3j-0kciv1-Ya7kgbN_FV31ipAPSf5UE7s78aL_4QxhDQZtOI8BFl-vO46OWlEXeGiD7H1PykapmkrpfXvWCLSRzVaAAd6PcAELjXeIzlX9asytaBU95sjL09ijkYuftSUAuyzbaO_knluO4H8sai8uNMmDvdEum6PE9vMBwP_s59nFwArXtN_8BXdjQvDgRHUmVsKrBIEAKP12eBvtHMe7Bth4s0uI0NxrnnM2w22PBh3cERTSDE0vfRDuw30FAdkNo01UlEed9_Q9C0n4-v_KP6oKvi9ICna0E.SkK1d9PXkHlDHtLxAcyF7zkrUfcnUcYYxSAB6yIeyxo&dib_tag=se&keywords=toys+and+gifts&qid=1748104444&sr=8-224,110.0,3.9,3003
"SYGA Plastic Beads for Kids Crafts Children's Jewelry Making Kit DIY Bracelets Necklace Hairband and Rings Craft Kits Birthday for 4, 5, 6, 7-Year-Old Little Girls(DIYBeadsSet-2) Multicolor",https://www.amazon.in/Childrens-Jewellery-Bracelets-7-Year-Old-Girls-Multicolor/dp/B09D2XDCNV/ref=sr_1_225?dib=eyJ2IjoiMSJ9.Pl212QLa3j-0kciv1-Ya7kgbN_FV31ipAPSf5UE7s78aL_4QxhDQZtOI8BFl-vO46OWlEXeGiD7H1PykapmkrpfXvWCLSRzVaAAd6PcAELjXeIzlX9asytaBU95sjL09ijkYuftSUAuyzbaO_knluO4H8sai8uNMmDvdEum6PE9vMBwP_s59nFwArXtN_8BXdjQvDgRHUmVsKrBIEAKP12eBvtHMe7Bth4s0uI0NxrnnM2w22PBh3cERTSDE0vfRDuw30FAdkNo01UlEed9_Q9C0n4-v_KP6oKvi9ICna0E.SkK1d9PXkHlDHtLxAcyF7zkrUfcnUcYYxSAB6yIeyxo&dib_tag=se&keywords=toys+and+gifts&qid=1748104444&sr=8-225,396.0,4.2,2683
"Chocozone Night Light Lamp Projector, Star Light Rotating Projector, Star Projector Lamp with Colors and 360 Degree Moon Star Projection with USB Cable,Lamp for Kids Room (Random Colour)",https://www.amazon.in/Chocozone-Projector-Rotating-Colors-Projection/dp/B07ZHL8528/ref=sr_1_226?dib=eyJ2IjoiMSJ9.Pl212QLa3j-0kciv1-Ya7kgbN_FV31ipAPSf5UE7s78aL_4QxhDQZtOI8BFl-vO46OWlEXeGiD7H1PykapmkrpfXvWCLSRzVaAAd6PcAELjXeIzlX9asytaBU95sjL09ijkYuftSUAuyzbaO_knluO4H8sai8uNMmDvdEum6PE9vMBwP_s59nFwArXtN_8BXdjQvDgRHUmVsKrBIEAKP12eBvtHMe7Bth4s0uI0NxrnnM2w22PBh3cERTSDE0vfRDuw30FAdkNo01UlEed9_Q9C0n4-v_KP6oKvi9ICna0E.SkK1d9PXkHlDHtLxAcyF7zkrUfcnUcYYxSAB6yIeyxo&dib_tag=se&keywords=toys+and+gifts&qid=1748104444&sr=8-226,297.0,3.7,6292
House of Quirk Animal Finger Puppets - Set of10,https://www.amazon.in/House-Quirk-Animal-Finger-Puppets/dp/B01FXBSKFC/ref=sr_1_227?dib=eyJ2IjoiMSJ9.Pl212QLa3j-0kciv1-Ya7kgbN_FV31ipAPSf5UE7s78aL_4QxhDQZtOI8BFl-vO46OWlEXeGiD7H1PykapmkrpfXvWCLSRzVaAAd6PcAELjXeIzlX9asytaBU95sjL09ijkYuftSUAuyzbaO_knluO4H8sai8uNMmDvdEum6PE9vMBwP_s59nFwArXtN_8BXdjQvDgRHUmVsKrBIEAKP12eBvtHMe7Bth4s0uI0NxrnnM2w22PBh3cERTSDE0vfRDuw30FAdkNo01UlEed9_Q9C0n4-v_KP6oKvi9ICna0E.SkK1d9PXkHlDHtLxAcyF7zkrUfcnUcYYxSAB6yIeyxo&dib_tag=se&keywords=toys+and+gifts&qid=1748104444&sr=8-227,385.0,3.8,5860
VGRASSP Rolling and Swirling Ramp Toy for Baby and Toddlers | 5 Layer Ball Drop Tower with 3 Colorful Plastic Rattle Balls | Stack-Drop-Roll Fun Toy - Color As Per Stock,https://www.amazon.in/VGRASSP-Layer-Swirling-Tower-Toddlers/dp/B0BLVVZDQH/ref=sr_1_228?dib=eyJ2IjoiMSJ9.Pl212QLa3j-0kciv1-Ya7kgbN_FV31ipAPSf5UE7s78aL_4QxhDQZtOI8BFl-vO46OWlEXeGiD7H1PykapmkrpfXvWCLSRzVaAAd6PcAELjXeIzlX9asytaBU95sjL09ijkYuftSUAuyzbaO_knluO4H8sai8uNMmDvdEum6PE9vMBwP_s59nFwArXtN_8BXdjQvDgRHUmVsKrBIEAKP12eBvtHMe7Bth4s0uI0NxrnnM2w22PBh3cERTSDE0vfRDuw30FAdkNo01UlEed9_Q9C0n4-v_KP6oKvi9ICna0E.SkK1d9PXkHlDHtLxAcyF7zkrUfcnUcYYxSAB6yIeyxo&dib_tag=se&keywords=toys+and+gifts&qid=1748104444&sr=8-228,338.0,4.1,160
Babique Cat Flower Plush Soft Toy Cute Kids Animal Home Decor Boys/Girls (Pack of 1)(25 cm),https://www.amazon.in/Babique-Flower-Plush-Animal-Decor/dp/B0BFNYP192/ref=sr_1_229?dib=eyJ2IjoiMSJ9.Pl212QLa3j-0kciv1-Ya7kgbN_FV31ipAPSf5UE7s78aL_4QxhDQZtOI8BFl-vO46OWlEXeGiD7H1PykapmkrpfXvWCLSRzVaAAd6PcAELjXeIzlX9asytaBU95sjL09ijkYuftSUAuyzbaO_knluO4H8sai8uNMmDvdEum6PE9vMBwP_s59nFwArXtN_8BXdjQvDgRHUmVsKrBIEAKP12eBvtHMe7Bth4s0uI0NxrnnM2w22PBh3cERTSDE0vfRDuw30FAdkNo01UlEed9_Q9C0n4-v_KP6oKvi9ICna0E.SkK1d9PXkHlDHtLxAcyF7zkrUfcnUcYYxSAB6yIeyxo&dib_tag=se&keywords=toys+and+gifts&qid=1748104444&sr=8-229,219.0,4.1,1240
"STOFFIER GARTEN Angle Geometric Plastic Blocks, Sorting & Stacking Toys for Toddlers & Kids, Color Stacker Shape Sorter Educational Blocks Learning Toy for 1-3 Years Old Unisex,Multicolor, 1 Piece",https://www.amazon.in/STOFFIER-GARTEN-Geometric-Educational-Multicolor/dp/B0BZDVLGX9/ref=sr_1_230?dib=eyJ2IjoiMSJ9.Pl212QLa3j-0kciv1-Ya7kgbN_FV31ipAPSf5UE7s78aL_4QxhDQZtOI8BFl-vO46OWlEXeGiD7H1PykapmkrpfXvWCLSRzVaAAd6PcAELjXeIzlX9asytaBU95sjL09ijkYuftSUAuyzbaO_knluO4H8sai8uNMmDvdEum6PE9vMBwP_s59nFwArXtN_8BXdjQvDgRHUmVsKrBIEAKP12eBvtHMe7Bth4s0uI0NxrnnM2w22PBh3cERTSDE0vfRDuw30FAdkNo01UlEed9_Q9C0n4-v_KP6oKvi9ICna0E.SkK1d9PXkHlDHtLxAcyF7zkrUfcnUcYYxSAB6yIeyxo&dib_tag=se&keywords=toys+and+gifts&qid=1748104444&sr=8-230,151.0,4.3,1301
"Lifelong Foldable Kids Kick Scooter with LED Wheels & Adjustable Height - Capacity 50kg- for Baby 3+ Year Old boy & Girl - Skate Scooter, Blue",https://www.amazon.in/Lifelong-Scooter-Kids-Years-Adjustable/dp/B0CV5MR8BH/ref=sr_1_231?dib=eyJ2IjoiMSJ9.Pl212QLa3j-0kciv1-Ya7kgbN_FV31ipAPSf5UE7s78aL_4QxhDQZtOI8BFl-vO46OWlEXeGiD7H1PykapmkrpfXvWCLSRzVaAAd6PcAELjXeIzlX9asytaBU95sjL09ijkYuftSUAuyzbaO_knluO4H8sai8uNMmDvdEum6PE9vMBwP_s59nFwArXtN_8BXdjQvDgRHUmVsKrBIEAKP12eBvtHMe7Bth4s0uI0NxrnnM2w22PBh3cERTSDE0vfRDuw30FAdkNo01UlEed9_Q9C0n4-v_KP6oKvi9ICna0E.SkK1d9PXkHlDHtLxAcyF7zkrUfcnUcYYxSAB6yIeyxo&dib_tag=se&keywords=toys+and+gifts&qid=1748104444&sr=8-231,1279.0,3.9,6022
"Toysbuddy Re-Writable LCD Writing Tablet Pad with Screen 21.5cm (8.5Inch) for Drawing, Playing, Handwriting Best Birthday Gifts for Adults & Kids Girls Boys, Multicolor",https://www.amazon.in/Toysbuddy-Re-Writable-LCD-Writing-Tablet/dp/B0CBYSW4Y5/ref=sr_1_232?dib=eyJ2IjoiMSJ9.Pl212QLa3j-0kciv1-Ya7kgbN_FV31ipAPSf5UE7s78aL_4QxhDQZtOI8BFl-vO46OWlEXeGiD7H1PykapmkrpfXvWCLSRzVaAAd6PcAELjXeIzlX9asytaBU95sjL09ijkYuftSUAuyzbaO_knluO4H8sai8uNMmDvdEum6PE9vMBwP_s59nFwArXtN_8BXdjQvDgRHUmVsKrBIEAKP12eBvtHMe7Bth4s0uI0NxrnnM2w22PBh3cERTSDE0vfRDuw30FAdkNo01UlEed9_Q9C0n4-v_KP6oKvi9ICna0E.SkK1d9PXkHlDHtLxAcyF7zkrUfcnUcYYxSAB6yIeyxo&dib_tag=se&keywords=toys+and+gifts&qid=1748104444&sr=8-232,128.0,3.4,6733
"blue tree 10 Liters Kids Backpack Mini Travel Bag 1-6 Years Spider,Red",https://www.amazon.in/liters-Backpack-Travel-Years-SPIDER/dp/B07HLYW3FF/ref=sr_1_233?dib=eyJ2IjoiMSJ9.Pl212QLa3j-0kciv1-Ya7kgbN_FV31ipAPSf5UE7s78aL_4QxhDQZtOI8BFl-vO46OWlEXeGiD7H1PykapmkrpfXvWCLSRzVaAAd6PcAELjXeIzlX9asytaBU95sjL09ijkYuftSUAuyzbaO_knluO4H8sai8uNMmDvdEum6PE9vMBwP_s59nFwArXtN_8BXdjQvDgRHUmVsKrBIEAKP12eBvtHMe7Bth4s0uI0NxrnnM2w22PBh3cERTSDE0vfRDuw30FAdkNo01UlEed9_Q9C0n4-v_KP6oKvi9ICna0E.SkK1d9PXkHlDHtLxAcyF7zkrUfcnUcYYxSAB6yIeyxo&dib_tag=se&keywords=toys+and+gifts&qid=1748104444&sr=8-233,266.0,4.0,1712
101 Pencil Control Activity Book For Kids: Tracing Practise Book Age 2+,https://www.amazon.in/Pencil-Control-Activity-Book-Kids/dp/9354405118/ref=sr_1_234?dib=eyJ2IjoiMSJ9.Pl212QLa3j-0kciv1-Ya7kgbN_FV31ipAPSf5UE7s78aL_4QxhDQZtOI8BFl-vO46OWlEXeGiD7H1PykapmkrpfXvWCLSRzVaAAd6PcAELjXeIzlX9asytaBU95sjL09ijkYuftSUAuyzbaO_knluO4H8sai8uNMmDvdEum6PE9vMBwP_s59nFwArXtN_8BXdjQvDgRHUmVsKrBIEAKP12eBvtHMe7Bth4s0uI0NxrnnM2w22PBh3cERTSDE0vfRDuw30FAdkNo01UlEed9_Q9C0n4-v_KP6oKvi9ICna0E.SkK1d9PXkHlDHtLxAcyF7zkrUfcnUcYYxSAB6yIeyxo&dib_tag=se&keywords=toys+and+gifts&qid=1748104444&sr=8-234,189.0,4.4,1507
Toysbuddy Baby Piano Play Mat Gym & Fitness Rack with Hanging Rattles Keyboard Set with Music Mode & Additional Rattle Ball - Multicolor,https://www.amazon.in/Toysbuddy-Fitness-Hanging-Keyboard-Additional/dp/B08F3B835Q/ref=sr_1_235?dib=eyJ2IjoiMSJ9.Pl212QLa3j-0kciv1-Ya7kgbN_FV31ipAPSf5UE7s78aL_4QxhDQZtOI8BFl-vO46OWlEXeGiD7H1PykapmkrpfXvWCLSRzVaAAd6PcAELjXeIzlX9asytaBU95sjL09ijkYuftSUAuyzbaO_knluO4H8sai8uNMmDvdEum6PE9vMBwP_s59nFwArXtN_8BXdjQvDgRHUmVsKrBIEAKP12eBvtHMe7Bth4s0uI0NxrnnM2w22PBh3cERTSDE0vfRDuw30FAdkNo01UlEed9_Q9C0n4-v_KP6oKvi9ICna0E.SkK1d9PXkHlDHtLxAcyF7zkrUfcnUcYYxSAB6yIeyxo&dib_tag=se&keywords=toys+and+gifts&qid=1748104444&sr=8-235,549.0,3.6,318
VGRASSP Flash Drum Toy with 2 Mallets for Kids | Multicolor 3D Lights | Dynamic Musical Instrument | Toy for Baby and Toddlers | Battery Operated Toy | for 2 3 4 5 6 Year Old Boys & Girls,https://www.amazon.in/VGRASSP-Battery-Operated-Flash-Lights/dp/B0B7JWG9K9/ref=sr_1_236?dib=eyJ2IjoiMSJ9.Pl212QLa3j-0kciv1-Ya7kgbN_FV31ipAPSf5UE7s78aL_4QxhDQZtOI8BFl-vO46OWlEXeGiD7H1PykapmkrpfXvWCLSRzVaAAd6PcAELjXeIzlX9asytaBU95sjL09ijkYuftSUAuyzbaO_knluO4H8sai8uNMmDvdEum6PE9vMBwP_s59nFwArXtN_8BXdjQvDgRHUmVsKrBIEAKP12eBvtHMe7Bth4s0uI0NxrnnM2w22PBh3cERTSDE0vfRDuw30FAdkNo01UlEed9_Q9C0n4-v_KP6oKvi9ICna0E.SkK1d9PXkHlDHtLxAcyF7zkrUfcnUcYYxSAB6yIeyxo&dib_tag=se&keywords=toys+and+gifts&qid=1748104444&sr=8-236,349.0,3.9,531
"Satmarhz Jewellery Making Kit for Girls, Colorful Bracelet Making Set for Kids DIY Craft Necklace Making, Activity Toys for Girls Age 6-12 Years Old",https://www.amazon.in/Satmarhz-Jewellery-Colorful-Bracelet-Necklace/dp/B0BC3KS6YB/ref=sr_1_237?dib=eyJ2IjoiMSJ9.Pl212QLa3j-0kciv1-Ya7kgbN_FV31ipAPSf5UE7s78aL_4QxhDQZtOI8BFl-vO46OWlEXeGiD7H1PykapmkrpfXvWCLSRzVaAAd6PcAELjXeIzlX9asytaBU95sjL09ijkYuftSUAuyzbaO_knluO4H8sai8uNMmDvdEum6PE9vMBwP_s59nFwArXtN_8BXdjQvDgRHUmVsKrBIEAKP12eBvtHMe7Bth4s0uI0NxrnnM2w22PBh3cERTSDE0vfRDuw30FAdkNo01UlEed9_Q9C0n4-v_KP6oKvi9ICna0E.SkK1d9PXkHlDHtLxAcyF7zkrUfcnUcYYxSAB6yIeyxo&dib_tag=se&keywords=toys+and+gifts&qid=1748104444&sr=8-237,488.0,4.2,1123
Zest 4 Toyz Musical Dancing Girl Doll Activity Play Center Toy 360 Degree Rotating with Flashing Lights and Bump n Go Action Toys for Kids (Pack of 1) Pink,https://www.amazon.in/Rotating-Activity-Functions-Learning-Educational/dp/B0B1LWPKHS/ref=sr_1_238?dib=eyJ2IjoiMSJ9.Pl212QLa3j-0kciv1-Ya7kgbN_FV31ipAPSf5UE7s78aL_4QxhDQZtOI8BFl-vO46OWlEXeGiD7H1PykapmkrpfXvWCLSRzVaAAd6PcAELjXeIzlX9asytaBU95sjL09ijkYuftSUAuyzbaO_knluO4H8sai8uNMmDvdEum6PE9vMBwP_s59nFwArXtN_8BXdjQvDgRHUmVsKrBIEAKP12eBvtHMe7Bth4s0uI0NxrnnM2w22PBh3cERTSDE0vfRDuw30FAdkNo01UlEed9_Q9C0n4-v_KP6oKvi9ICna0E.SkK1d9PXkHlDHtLxAcyF7zkrUfcnUcYYxSAB6yIeyxo&dib_tag=se&keywords=toys+and+gifts&qid=1748104444&sr=8-238,499.0,3.9,2136
"Webby Beauty Set for Girls, Pink",https://www.amazon.in/Webby-Beauty-Set-Girls-Pink/dp/B0136U8P5M/ref=sr_1_239?dib=eyJ2IjoiMSJ9.Pl212QLa3j-0kciv1-Ya7kgbN_FV31ipAPSf5UE7s78aL_4QxhDQZtOI8BFl-vO46OWlEXeGiD7H1PykapmkrpfXvWCLSRzVaAAd6PcAELjXeIzlX9asytaBU95sjL09ijkYuftSUAuyzbaO_knluO4H8sai8uNMmDvdEum6PE9vMBwP_s59nFwArXtN_8BXdjQvDgRHUmVsKrBIEAKP12eBvtHMe7Bth4s0uI0NxrnnM2w22PBh3cERTSDE0vfRDuw30FAdkNo01UlEed9_Q9C0n4-v_KP6oKvi9ICna0E.SkK1d9PXkHlDHtLxAcyF7zkrUfcnUcYYxSAB6yIeyxo&dib_tag=se&keywords=toys+and+gifts&qid=1748104444&sr=8-239,275.0,3.5,12399
"WireScorts Montessori Toys for 1-Year-Olds, Sensory Shape Sorter, Baby Blocks Colorful Textured Balls Sorting Games, Learning Activity for Fine Motor Skills",https://www.amazon.in/WireScorts-Montessori-Colorful-Developmental-Learning/dp/B0CFG9MLMW/ref=sr_1_240?dib=eyJ2IjoiMSJ9.Pl212QLa3j-0kciv1-Ya7kgbN_FV31ipAPSf5UE7s78aL_4QxhDQZtOI8BFl-vO46OWlEXeGiD7H1PykapmkrpfXvWCLSRzVaAAd6PcAELjXeIzlX9asytaBU95sjL09ijkYuftSUAuyzbaO_knluO4H8sai8uNMmDvdEum6PE9vMBwP_s59nFwArXtN_8BXdjQvDgRHUmVsKrBIEAKP12eBvtHMe7Bth4s0uI0NxrnnM2w22PBh3cERTSDE0vfRDuw30FAdkNo01UlEed9_Q9C0n4-v_KP6oKvi9ICna0E.SkK1d9PXkHlDHtLxAcyF7zkrUfcnUcYYxSAB6yIeyxo&dib_tag=se&keywords=toys+and+gifts&qid=1748104444&sr=8-240,379.0,4.2,311
"Kidsmate Cruiser Kick Scooter for Kids with Broad Wheels | 3-Wheel Skate Scooter for Boys & Girls of Ages 2-12 Years | 5-Level Adjustable Height, and Easy Fold Design Scooter for Kids (Black)",https://www.amazon.in/Kidsmate-Cruiser-Scooter-3-Wheel-Adjustable/dp/B0D4DZ7WL2/ref=sr_1_241?dib=eyJ2IjoiMSJ9.tfASXn7IGMLmXqV7INtkoVFT-PsDQqvdeKdZ1RGxUwZiozW9XF0NPNFSfpC9gcGezgJ2RQcQZqVvKh34lss8B0CtT04mQWK2J-DxmI0o3cIA55CfTwxRkJzyVt77rDZncHyj_6jnGME3ncFg8alBdDMS-wOW8IaScX8ag8KDLzIDJ0jklY0FmZk6avfS7uLJW_3GKmCeFlbobS4vdFmD_Tadioi9rm8g38VD0RY-jttTjFJLzYZduSw_Sc-I-So9rAN7HFa4Lj9ErGgy-zrVmUReq5Zjb4wBo_55A5LuFH8.MQxB6Yww_h9aKXrQ2K5Y1gjJWMfcNmV3Rbaa45TPnBM&dib_tag=se&keywords=toys+and+gifts&qid=1748104463&sr=8-241,996.0,4.1,3629
"Webby Beauty Set for Girls, Pink",https://www.amazon.in/Webby-Beauty-Set-Girls-Pink/dp/B0136U8P5M/ref=sr_1_242?dib=eyJ2IjoiMSJ9.tfASXn7IGMLmXqV7INtkoVFT-PsDQqvdeKdZ1RGxUwZiozW9XF0NPNFSfpC9gcGezgJ2RQcQZqVvKh34lss8B0CtT04mQWK2J-DxmI0o3cIA55CfTwxRkJzyVt77rDZncHyj_6jnGME3ncFg8alBdDMS-wOW8IaScX8ag8KDLzIDJ0jklY0FmZk6avfS7uLJW_3GKmCeFlbobS4vdFmD_Tadioi9rm8g38VD0RY-jttTjFJLzYZduSw_Sc-I-So9rAN7HFa4Lj9ErGgy-zrVmUReq5Zjb4wBo_55A5LuFH8.MQxB6Yww_h9aKXrQ2K5Y1gjJWMfcNmV3Rbaa45TPnBM&dib_tag=se&keywords=toys+and+gifts&qid=1748104463&sr=8-242,275.0,3.5,12399
"Tec Tavakkal Baby Kids Water Play Mat Toys Inflatable Tummy Time Leakproof Water Play Mat, Fun Activity Play Center Indoor and Outdoor Water Play Mat for Baby Random Design,Pack of 1 set,Blue",https://www.amazon.in/Tavakkal-Inflatable-Leakproof-Activity-Outdoor/dp/B09TXVK4VL/ref=sr_1_243?dib=eyJ2IjoiMSJ9.tfASXn7IGMLmXqV7INtkoVFT-PsDQqvdeKdZ1RGxUwZiozW9XF0NPNFSfpC9gcGezgJ2RQcQZqVvKh34lss8B0CtT04mQWK2J-DxmI0o3cIA55CfTwxRkJzyVt77rDZncHyj_6jnGME3ncFg8alBdDMS-wOW8IaScX8ag8KDLzIDJ0jklY0FmZk6avfS7uLJW_3GKmCeFlbobS4vdFmD_Tadioi9rm8g38VD0RY-jttTjFJLzYZduSw_Sc-I-So9rAN7HFa4Lj9ErGgy-zrVmUReq5Zjb4wBo_55A5LuFH8.MQxB6Yww_h9aKXrQ2K5Y1gjJWMfcNmV3Rbaa45TPnBM&dib_tag=se&keywords=toys+and+gifts&qid=1748104463&sr=8-243,227.0,4.1,2341
"Cockatoo Rat & Cat Series KS02 Kick Scooter 3 to 10 Years Boys & Girls, Kids Scooter with PVC Wheels & Rare Brakes | Sky Blue",https://www.amazon.in/Cockatoo-Scooter-Years-Wheels-Warranty/dp/B0C7D23LLH/ref=sr_1_244?dib=eyJ2IjoiMSJ9.tfASXn7IGMLmXqV7INtkoVFT-PsDQqvdeKdZ1RGxUwZiozW9XF0NPNFSfpC9gcGezgJ2RQcQZqVvKh34lss8B0CtT04mQWK2J-DxmI0o3cIA55CfTwxRkJzyVt77rDZncHyj_6jnGME3ncFg8alBdDMS-wOW8IaScX8ag8KDLzIDJ0jklY0FmZk6avfS7uLJW_3GKmCeFlbobS4vdFmD_Tadioi9rm8g38VD0RY-jttTjFJLzYZduSw_Sc-I-So9rAN7HFa4Lj9ErGgy-zrVmUReq5Zjb4wBo_55A5LuFH8.MQxB6Yww_h9aKXrQ2K5Y1gjJWMfcNmV3Rbaa45TPnBM&dib_tag=se&keywords=toys+and+gifts&qid=1748104463&sr=8-244,799.0,3.9,2531
"Niku Skin Friendly Ultra Soft 3 Feet Teddy Bear for Kids, Lovable Huggable Cute Soft Giant Teddy Bear for Girlfriends/Wife/Kids/Husband - (Pink, 85 cm)",https://www.amazon.in/Niku-Friendly-Lovable-Huggable-Girlfriends/dp/B0C8FXF89K/ref=sr_1_245?dib=eyJ2IjoiMSJ9.tfASXn7IGMLmXqV7INtkoVFT-PsDQqvdeKdZ1RGxUwZiozW9XF0NPNFSfpC9gcGezgJ2RQcQZqVvKh34lss8B0CtT04mQWK2J-DxmI0o3cIA55CfTwxRkJzyVt77rDZncHyj_6jnGME3ncFg8alBdDMS-wOW8IaScX8ag8KDLzIDJ0jklY0FmZk6avfS7uLJW_3GKmCeFlbobS4vdFmD_Tadioi9rm8g38VD0RY-jttTjFJLzYZduSw_Sc-I-So9rAN7HFa4Lj9ErGgy-zrVmUReq5Zjb4wBo_55A5LuFH8.MQxB6Yww_h9aKXrQ2K5Y1gjJWMfcNmV3Rbaa45TPnBM&dib_tag=se&keywords=toys+and+gifts&qid=1748104463&sr=8-245,368.0,3.7,1283
"TVARA LCD Writing Tablet, 8.5"" Inch Colorful Toddler Doodle Board Drawing Tablet, Erasable Reusable Electronic Drawing Pads, Educational and Learning Tool for 3-6 Years Old Boy and Girls Mix Colors",https://www.amazon.in/TVARA-Colorful-Erasable-Electronic-Educational/dp/B09939XJX8/ref=sr_1_246?dib=eyJ2IjoiMSJ9.tfASXn7IGMLmXqV7INtkoVFT-PsDQqvdeKdZ1RGxUwZiozW9XF0NPNFSfpC9gcGezgJ2RQcQZqVvKh34lss8B0CtT04mQWK2J-DxmI0o3cIA55CfTwxRkJzyVt77rDZncHyj_6jnGME3ncFg8alBdDMS-wOW8IaScX8ag8KDLzIDJ0jklY0FmZk6avfS7uLJW_3GKmCeFlbobS4vdFmD_Tadioi9rm8g38VD0RY-jttTjFJLzYZduSw_Sc-I-So9rAN7HFa4Lj9ErGgy-zrVmUReq5Zjb4wBo_55A5LuFH8.MQxB6Yww_h9aKXrQ2K5Y1gjJWMfcNmV3Rbaa45TPnBM&dib_tag=se&keywords=toys+and+gifts&qid=1748104463&sr=8-246,199.0,4.0,1672
Toyshine Dancing Dog with Music Flashing Lights,https://www.amazon.in/Toyshine-Dancing-Music-Flashing-Lights/dp/B074Y7KQD1/ref=sr_1_247?dib=eyJ2IjoiMSJ9.tfASXn7IGMLmXqV7INtkoVFT-PsDQqvdeKdZ1RGxUwZiozW9XF0NPNFSfpC9gcGezgJ2RQcQZqVvKh34lss8B0CtT04mQWK2J-DxmI0o3cIA55CfTwxRkJzyVt77rDZncHyj_6jnGME3ncFg8alBdDMS-wOW8IaScX8ag8KDLzIDJ0jklY0FmZk6avfS7uLJW_3GKmCeFlbobS4vdFmD_Tadioi9rm8g38VD0RY-jttTjFJLzYZduSw_Sc-I-So9rAN7HFa4Lj9ErGgy-zrVmUReq5Zjb4wBo_55A5LuFH8.MQxB6Yww_h9aKXrQ2K5Y1gjJWMfcNmV3Rbaa45TPnBM&dib_tag=se&keywords=toys+and+gifts&qid=1748104463&sr=8-247,399.0,4.0,10982
"Hasbro Gaming Mastermind The Classic Code Cracking Game, Strategy Board Game for Kids and Adults, Board Game for Boys & Girls Ages 8+",https://www.amazon.in/Hasbro-Mastermind-Classic-Cracking-Players/dp/B08664P819/ref=sr_1_248?dib=eyJ2IjoiMSJ9.tfASXn7IGMLmXqV7INtkoVFT-PsDQqvdeKdZ1RGxUwZiozW9XF0NPNFSfpC9gcGezgJ2RQcQZqVvKh34lss8B0CtT04mQWK2J-DxmI0o3cIA55CfTwxRkJzyVt77rDZncHyj_6jnGME3ncFg8alBdDMS-wOW8IaScX8ag8KDLzIDJ0jklY0FmZk6avfS7uLJW_3GKmCeFlbobS4vdFmD_Tadioi9rm8g38VD0RY-jttTjFJLzYZduSw_Sc-I-So9rAN7HFa4Lj9ErGgy-zrVmUReq5Zjb4wBo_55A5LuFH8.MQxB6Yww_h9aKXrQ2K5Y1gjJWMfcNmV3Rbaa45TPnBM&dib_tag=se&keywords=toys+and+gifts&qid=1748104463&sr=8-248,500.0,4.3,2031
Frank Fruits - A Set of 3 Jigsaw Puzzle for Kids Above 3+ Years - Fun & Challenging Brain Booster Games - Educational Puzzle for Focus and Memory - 10209,https://www.amazon.in/Frank-10209-Fruits/dp/B0076L2AI6/ref=sr_1_249?dib=eyJ2IjoiMSJ9.tfASXn7IGMLmXqV7INtkoVFT-PsDQqvdeKdZ1RGxUwZiozW9XF0NPNFSfpC9gcGezgJ2RQcQZqVvKh34lss8B0CtT04mQWK2J-DxmI0o3cIA55CfTwxRkJzyVt77rDZncHyj_6jnGME3ncFg8alBdDMS-wOW8IaScX8ag8KDLzIDJ0jklY0FmZk6avfS7uLJW_3GKmCeFlbobS4vdFmD_Tadioi9rm8g38VD0RY-jttTjFJLzYZduSw_Sc-I-So9rAN7HFa4Lj9ErGgy-zrVmUReq5Zjb4wBo_55A5LuFH8.MQxB6Yww_h9aKXrQ2K5Y1gjJWMfcNmV3Rbaa45TPnBM&dib_tag=se&keywords=toys+and+gifts&qid=1748104463&sr=8-249,99.0,4.2,7561
Creative's Fun with Words | 3 Letter Words| Learning Games | Pre-School Games | Home Learning Game | Educational Games | Pre-School Series | Ages 4 & up,https://www.amazon.in/Creatives-Letter-Learning-Pre-School-Educational/dp/B009313LXU/ref=sr_1_250?dib=eyJ2IjoiMSJ9.tfASXn7IGMLmXqV7INtkoVFT-PsDQqvdeKdZ1RGxUwZiozW9XF0NPNFSfpC9gcGezgJ2RQcQZqVvKh34lss8B0CtT04mQWK2J-DxmI0o3cIA55CfTwxRkJzyVt77rDZncHyj_6jnGME3ncFg8alBdDMS-wOW8IaScX8ag8KDLzIDJ0jklY0FmZk6avfS7uLJW_3GKmCeFlbobS4vdFmD_Tadioi9rm8g38VD0RY-jttTjFJLzYZduSw_Sc-I-So9rAN7HFa4Lj9ErGgy-zrVmUReq5Zjb4wBo_55A5LuFH8.MQxB6Yww_h9aKXrQ2K5Y1gjJWMfcNmV3Rbaa45TPnBM&dib_tag=se&keywords=toys+and+gifts&qid=1748104463&sr=8-250,320.0,4.3,12775
TOYZONE Educational Rider Ride on for Kids,https://www.amazon.in/TOYZONE-Educational-Rider-Ride-Kids/dp/B00JJI6QXO/ref=sr_1_251?dib=eyJ2IjoiMSJ9.tfASXn7IGMLmXqV7INtkoVFT-PsDQqvdeKdZ1RGxUwZiozW9XF0NPNFSfpC9gcGezgJ2RQcQZqVvKh34lss8B0CtT04mQWK2J-DxmI0o3cIA55CfTwxRkJzyVt77rDZncHyj_6jnGME3ncFg8alBdDMS-wOW8IaScX8ag8KDLzIDJ0jklY0FmZk6avfS7uLJW_3GKmCeFlbobS4vdFmD_Tadioi9rm8g38VD0RY-jttTjFJLzYZduSw_Sc-I-So9rAN7HFa4Lj9ErGgy-zrVmUReq5Zjb4wBo_55A5LuFH8.MQxB6Yww_h9aKXrQ2K5Y1gjJWMfcNmV3Rbaa45TPnBM&dib_tag=se&keywords=toys+and+gifts&qid=1748104463&sr=8-251,1097.0,3.8,3217
Einstein Box Gift Set for Babies and Newborns ages 0-3-6-9-12 Months | High Contrast Flash Cards for Visual Stimulation & Sensory Development | Gift Set of Rattles and High Contrast Book & Flash Cards,https://www.amazon.in/Einstein-Newborns-1-3-6-9-12-Contrast-Flashcards/dp/B09BCQ52R8/ref=sr_1_252?dib=eyJ2IjoiMSJ9.tfASXn7IGMLmXqV7INtkoVFT-PsDQqvdeKdZ1RGxUwZiozW9XF0NPNFSfpC9gcGezgJ2RQcQZqVvKh34lss8B0CtT04mQWK2J-DxmI0o3cIA55CfTwxRkJzyVt77rDZncHyj_6jnGME3ncFg8alBdDMS-wOW8IaScX8ag8KDLzIDJ0jklY0FmZk6avfS7uLJW_3GKmCeFlbobS4vdFmD_Tadioi9rm8g38VD0RY-jttTjFJLzYZduSw_Sc-I-So9rAN7HFa4Lj9ErGgy-zrVmUReq5Zjb4wBo_55A5LuFH8.MQxB6Yww_h9aKXrQ2K5Y1gjJWMfcNmV3Rbaa45TPnBM&dib_tag=se&keywords=toys+and+gifts&qid=1748104463&sr=8-252,698.0,4.4,2178
Mirana C-Type USB Rechargeable Battery Powered Hover Football Indoor Floating Hoverball Soccer | Air Football Smart | Made in India Fun Toy Best Gift for Kids Boys and Girls 2-10 Years (RedGolden),https://www.amazon.in/Mirana-Rechargeable-Football-Hoverball-RedGolden/dp/B0BTDY914F/ref=sr_1_253?dib=eyJ2IjoiMSJ9.tfASXn7IGMLmXqV7INtkoVFT-PsDQqvdeKdZ1RGxUwZiozW9XF0NPNFSfpC9gcGezgJ2RQcQZqVvKh34lss8B0CtT04mQWK2J-DxmI0o3cIA55CfTwxRkJzyVt77rDZncHyj_6jnGME3ncFg8alBdDMS-wOW8IaScX8ag8KDLzIDJ0jklY0FmZk6avfS7uLJW_3GKmCeFlbobS4vdFmD_Tadioi9rm8g38VD0RY-jttTjFJLzYZduSw_Sc-I-So9rAN7HFa4Lj9ErGgy-zrVmUReq5Zjb4wBo_55A5LuFH8.MQxB6Yww_h9aKXrQ2K5Y1gjJWMfcNmV3Rbaa45TPnBM&dib_tag=se&keywords=toys+and+gifts&qid=1748104463&sr=8-253,698.0,4.0,8303
"TARBULL SuperBuddy Kids Screen Free Audio Speaker, 550+ Stories, Rhymes & Mantras Preloaded, Musical Toy with Content Upgrade & Bluetooth, Birthday Gift for Boys & Girls 3 to 10 Years (Unicorn)",https://www.amazon.in/TARBULL-SuperBuddy-Preloaded-Bluetooth-Birthday/dp/B0F3CMM1XZ/ref=sr_1_254?dib=eyJ2IjoiMSJ9.tfASXn7IGMLmXqV7INtkoVFT-PsDQqvdeKdZ1RGxUwZiozW9XF0NPNFSfpC9gcGezgJ2RQcQZqVvKh34lss8B0CtT04mQWK2J-DxmI0o3cIA55CfTwxRkJzyVt77rDZncHyj_6jnGME3ncFg8alBdDMS-wOW8IaScX8ag8KDLzIDJ0jklY0FmZk6avfS7uLJW_3GKmCeFlbobS4vdFmD_Tadioi9rm8g38VD0RY-jttTjFJLzYZduSw_Sc-I-So9rAN7HFa4Lj9ErGgy-zrVmUReq5Zjb4wBo_55A5LuFH8.MQxB6Yww_h9aKXrQ2K5Y1gjJWMfcNmV3Rbaa45TPnBM&dib_tag=se&keywords=toys+and+gifts&qid=1748104463&sr=8-254,2149.0,4.0,243
Storio Toy Super Cute Plushie Soft Toys for Kids | Plush Soft Toys for Baby Boys and Girls Kids -Reversible Rabbit | Best Valentine Gift,https://www.amazon.in/Storio-Plushie-Reversible-Rabbit-Valentine/dp/B0CQG947NZ/ref=sr_1_255?dib=eyJ2IjoiMSJ9.tfASXn7IGMLmXqV7INtkoVFT-PsDQqvdeKdZ1RGxUwZiozW9XF0NPNFSfpC9gcGezgJ2RQcQZqVvKh34lss8B0CtT04mQWK2J-DxmI0o3cIA55CfTwxRkJzyVt77rDZncHyj_6jnGME3ncFg8alBdDMS-wOW8IaScX8ag8KDLzIDJ0jklY0FmZk6avfS7uLJW_3GKmCeFlbobS4vdFmD_Tadioi9rm8g38VD0RY-jttTjFJLzYZduSw_Sc-I-So9rAN7HFa4Lj9ErGgy-zrVmUReq5Zjb4wBo_55A5LuFH8.MQxB6Yww_h9aKXrQ2K5Y1gjJWMfcNmV3Rbaa45TPnBM&dib_tag=se&keywords=toys+and+gifts&qid=1748104463&sr=8-255,297.0,4.2,1739
"CADDLE & TOES Kids Camera for Girls Boys, Kids Selfie Camera Toy 13MP 1080P HD Digital Video Camera for Toddler, Christmas Birthday Gifts for 4+ to 15 Years Old Children (Multicolor) (Pink)",https://www.amazon.in/CADDLE-TOES-Christmas-Birthday-Multicolor/dp/B0CHZ1HF2Q/ref=sr_1_256?dib=eyJ2IjoiMSJ9.tfASXn7IGMLmXqV7INtkoVFT-PsDQqvdeKdZ1RGxUwZiozW9XF0NPNFSfpC9gcGezgJ2RQcQZqVvKh34lss8B0CtT04mQWK2J-DxmI0o3cIA55CfTwxRkJzyVt77rDZncHyj_6jnGME3ncFg8alBdDMS-wOW8IaScX8ag8KDLzIDJ0jklY0FmZk6avfS7uLJW_3GKmCeFlbobS4vdFmD_Tadioi9rm8g38VD0RY-jttTjFJLzYZduSw_Sc-I-So9rAN7HFa4Lj9ErGgy-zrVmUReq5Zjb4wBo_55A5LuFH8.MQxB6Yww_h9aKXrQ2K5Y1gjJWMfcNmV3Rbaa45TPnBM&dib_tag=se&keywords=toys+and+gifts&qid=1748104463&sr=8-256,678.0,2.9,501
"Toy Imagine Blaze Storm Hot Fire Dart Gun Toy for Target Shooting | Fun Battle Action Indoor & Outdoor Game | Birthday Gift for Boys & Girls | Long Range, 10 Suction Dart Bullets, 8+ Years.",https://www.amazon.in/Toy-Imagine-Bullet-Bullets-Shooting/dp/B0B1F3ZMHY/ref=sr_1_257?dib=eyJ2IjoiMSJ9.tfASXn7IGMLmXqV7INtkoVFT-PsDQqvdeKdZ1RGxUwZiozW9XF0NPNFSfpC9gcGezgJ2RQcQZqVvKh34lss8B0CtT04mQWK2J-DxmI0o3cIA55CfTwxRkJzyVt77rDZncHyj_6jnGME3ncFg8alBdDMS-wOW8IaScX8ag8KDLzIDJ0jklY0FmZk6avfS7uLJW_3GKmCeFlbobS4vdFmD_Tadioi9rm8g38VD0RY-jttTjFJLzYZduSw_Sc-I-So9rAN7HFa4Lj9ErGgy-zrVmUReq5Zjb4wBo_55A5LuFH8.MQxB6Yww_h9aKXrQ2K5Y1gjJWMfcNmV3Rbaa45TPnBM&dib_tag=se&keywords=toys+and+gifts&qid=1748104463&sr=8-257,187.0,3.9,1094
"Portronics Ruffpad 8.5E Re-Writable LCD Writing Pad with Screen 21.5cm (8.5-inch) for Drawing, Playing, Handwriting Gifts for Kids & Adults, India's first notepad to save and share your child's first creatives via Ruffpad app on your Smartphone(Black)",https://www.amazon.in/Portronics-Ruffpad-Re-Writable-8-5-inch-Handwriting/dp/B09GF6JBZN/ref=sr_1_258?dib=eyJ2IjoiMSJ9.tfASXn7IGMLmXqV7INtkoVFT-PsDQqvdeKdZ1RGxUwZiozW9XF0NPNFSfpC9gcGezgJ2RQcQZqVvKh34lss8B0CtT04mQWK2J-DxmI0o3cIA55CfTwxRkJzyVt77rDZncHyj_6jnGME3ncFg8alBdDMS-wOW8IaScX8ag8KDLzIDJ0jklY0FmZk6avfS7uLJW_3GKmCeFlbobS4vdFmD_Tadioi9rm8g38VD0RY-jttTjFJLzYZduSw_Sc-I-So9rAN7HFa4Lj9ErGgy-zrVmUReq5Zjb4wBo_55A5LuFH8.MQxB6Yww_h9aKXrQ2K5Y1gjJWMfcNmV3Rbaa45TPnBM&dib_tag=se&keywords=toys+and+gifts&qid=1748104463&sr=8-258,169.0,4.0,7776
Smartivity DIY Foosball Table for Kids Ages 6-7-8-9-10-11-12 Years I Indoor Scoccer Game | Birthday Gifts for Boys & Girls | STEM Science Toy for Kids Age 6-12 Years Old,https://www.amazon.in/Smartivity-Foosball-6-7-8-9-10-11-12-Scoccer-Birthday/dp/B09F9WL15V/ref=sr_1_259?dib=eyJ2IjoiMSJ9.tfASXn7IGMLmXqV7INtkoVFT-PsDQqvdeKdZ1RGxUwZiozW9XF0NPNFSfpC9gcGezgJ2RQcQZqVvKh34lss8B0CtT04mQWK2J-DxmI0o3cIA55CfTwxRkJzyVt77rDZncHyj_6jnGME3ncFg8alBdDMS-wOW8IaScX8ag8KDLzIDJ0jklY0FmZk6avfS7uLJW_3GKmCeFlbobS4vdFmD_Tadioi9rm8g38VD0RY-jttTjFJLzYZduSw_Sc-I-So9rAN7HFa4Lj9ErGgy-zrVmUReq5Zjb4wBo_55A5LuFH8.MQxB6Yww_h9aKXrQ2K5Y1gjJWMfcNmV3Rbaa45TPnBM&dib_tag=se&keywords=toys+and+gifts&qid=1748104463&sr=8-259,1087.0,4.2,1611
"Galaxy Hi-Tech® Deformation Combat Electronic Robot Car Tank Deformation Robot Toy with Light, Music and Bump Function Tank Robot Toys for Boys/Toddler/Kids",https://www.amazon.in/Galaxy-Hi-Tech-Plastic-Deformation-Robot/dp/B08MXYDTSX/ref=sr_1_260?dib=eyJ2IjoiMSJ9.tfASXn7IGMLmXqV7INtkoVFT-PsDQqvdeKdZ1RGxUwZiozW9XF0NPNFSfpC9gcGezgJ2RQcQZqVvKh34lss8B0CtT04mQWK2J-DxmI0o3cIA55CfTwxRkJzyVt77rDZncHyj_6jnGME3ncFg8alBdDMS-wOW8IaScX8ag8KDLzIDJ0jklY0FmZk6avfS7uLJW_3GKmCeFlbobS4vdFmD_Tadioi9rm8g38VD0RY-jttTjFJLzYZduSw_Sc-I-So9rAN7HFa4Lj9ErGgy-zrVmUReq5Zjb4wBo_55A5LuFH8.MQxB6Yww_h9aKXrQ2K5Y1gjJWMfcNmV3Rbaa45TPnBM&dib_tag=se&keywords=toys+and+gifts&qid=1748104463&sr=8-260,588.0,4.0,2489
"Skillmatics Kids India Map Puzzle - 70 Pieces, Educational Toy for Learning 300+ Facts About India, Gifts for Ages 6 to 12",https://www.amazon.in/Skillmatics-India-Map-Puzzle-Educational/dp/B0C6QGVR7M/ref=sr_1_261?dib=eyJ2IjoiMSJ9.tfASXn7IGMLmXqV7INtkoVFT-PsDQqvdeKdZ1RGxUwZiozW9XF0NPNFSfpC9gcGezgJ2RQcQZqVvKh34lss8B0CtT04mQWK2J-DxmI0o3cIA55CfTwxRkJzyVt77rDZncHyj_6jnGME3ncFg8alBdDMS-wOW8IaScX8ag8KDLzIDJ0jklY0FmZk6avfS7uLJW_3GKmCeFlbobS4vdFmD_Tadioi9rm8g38VD0RY-jttTjFJLzYZduSw_Sc-I-So9rAN7HFa4Lj9ErGgy-zrVmUReq5Zjb4wBo_55A5LuFH8.MQxB6Yww_h9aKXrQ2K5Y1gjJWMfcNmV3Rbaa45TPnBM&dib_tag=se&keywords=toys+and+gifts&qid=1748104463&sr=8-261,663.0,4.1,665
"ZUDO TOYS Shape Sorting Cube With 18 Shape And Different Color - Kids Activity Toys - Learning And Educational Toys With Multicolour - (Bis Approved), 19 Pcs",https://www.amazon.in/ZUDO-Shape-Sorting-Different-Color/dp/B09T754LSR/ref=sr_1_262?dib=eyJ2IjoiMSJ9.tfASXn7IGMLmXqV7INtkoVFT-PsDQqvdeKdZ1RGxUwZiozW9XF0NPNFSfpC9gcGezgJ2RQcQZqVvKh34lss8B0CtT04mQWK2J-DxmI0o3cIA55CfTwxRkJzyVt77rDZncHyj_6jnGME3ncFg8alBdDMS-wOW8IaScX8ag8KDLzIDJ0jklY0FmZk6avfS7uLJW_3GKmCeFlbobS4vdFmD_Tadioi9rm8g38VD0RY-jttTjFJLzYZduSw_Sc-I-So9rAN7HFa4Lj9ErGgy-zrVmUReq5Zjb4wBo_55A5LuFH8.MQxB6Yww_h9aKXrQ2K5Y1gjJWMfcNmV3Rbaa45TPnBM&dib_tag=se&keywords=toys+and+gifts&qid=1748104463&sr=8-262,212.0,4.2,2016
"Imagimake Window Art - Princess - 16 Pieces Glass Painting Set - Princess, Mermaid, Unicorn Designs - Craft Kit for Girls 5 Years & Above - Multicolor",https://www.amazon.in/Imagimake-Window-Art-Princess-Painting/dp/B09NSSYTN6/ref=sr_1_263?dib=eyJ2IjoiMSJ9.tfASXn7IGMLmXqV7INtkoVFT-PsDQqvdeKdZ1RGxUwZiozW9XF0NPNFSfpC9gcGezgJ2RQcQZqVvKh34lss8B0CtT04mQWK2J-DxmI0o3cIA55CfTwxRkJzyVt77rDZncHyj_6jnGME3ncFg8alBdDMS-wOW8IaScX8ag8KDLzIDJ0jklY0FmZk6avfS7uLJW_3GKmCeFlbobS4vdFmD_Tadioi9rm8g38VD0RY-jttTjFJLzYZduSw_Sc-I-So9rAN7HFa4Lj9ErGgy-zrVmUReq5Zjb4wBo_55A5LuFH8.MQxB6Yww_h9aKXrQ2K5Y1gjJWMfcNmV3Rbaa45TPnBM&dib_tag=se&keywords=toys+and+gifts&qid=1748104463&sr=8-263,648.0,4.2,3235
"Toyshine Ice Cream Pretend Play Kitchen Play Cart Kitchen Set Toy for Boys and Girls, Birthday Gift for 3 4 5 Year Candy Toy",https://www.amazon.in/Toyshine-Cream-Pretend-Kitchen-Birthday/dp/B0CMKXHCBJ/ref=sr_1_264?dib=eyJ2IjoiMSJ9.tfASXn7IGMLmXqV7INtkoVFT-PsDQqvdeKdZ1RGxUwZiozW9XF0NPNFSfpC9gcGezgJ2RQcQZqVvKh34lss8B0CtT04mQWK2J-DxmI0o3cIA55CfTwxRkJzyVt77rDZncHyj_6jnGME3ncFg8alBdDMS-wOW8IaScX8ag8KDLzIDJ0jklY0FmZk6avfS7uLJW_3GKmCeFlbobS4vdFmD_Tadioi9rm8g38VD0RY-jttTjFJLzYZduSw_Sc-I-So9rAN7HFa4Lj9ErGgy-zrVmUReq5Zjb4wBo_55A5LuFH8.MQxB6Yww_h9aKXrQ2K5Y1gjJWMfcNmV3Rbaa45TPnBM&dib_tag=se&keywords=toys+and+gifts&qid=1748104463&sr=8-264,569.0,3.7,2198
Amazon Brand - Jam & Honey Kitchen Set for Kids | Pretend and Play Toy | Portable Suitcase with Realistic Cooking Toys | for Boys & Girls 2+ Years | Non-Toxic | 24 Pieces | Multicolour,https://www.amazon.in/Amazon-Brand-Plastic-Suitcase-Kitchen/dp/B0B5VFPYHT/ref=sr_1_265?dib=eyJ2IjoiMSJ9.tfASXn7IGMLmXqV7INtkoVFT-PsDQqvdeKdZ1RGxUwZiozW9XF0NPNFSfpC9gcGezgJ2RQcQZqVvKh34lss8B0CtT04mQWK2J-DxmI0o3cIA55CfTwxRkJzyVt77rDZncHyj_6jnGME3ncFg8alBdDMS-wOW8IaScX8ag8KDLzIDJ0jklY0FmZk6avfS7uLJW_3GKmCeFlbobS4vdFmD_Tadioi9rm8g38VD0RY-jttTjFJLzYZduSw_Sc-I-So9rAN7HFa4Lj9ErGgy-zrVmUReq5Zjb4wBo_55A5LuFH8.MQxB6Yww_h9aKXrQ2K5Y1gjJWMfcNmV3Rbaa45TPnBM&dib_tag=se&keywords=toys+and+gifts&qid=1748104463&sr=8-265,379.0,3.9,2542
"Panda's Box Mantra Chanting Baby Krishna (Small - 23 CM) | Musical Soft Plush Toy | Best Gift for Infants, Toddlers & Babies",https://www.amazon.in/Pandas-Box-Mantra-Chanting-Krishna/dp/B0CZJ1C34F/ref=sr_1_266?dib=eyJ2IjoiMSJ9.tfASXn7IGMLmXqV7INtkoVFT-PsDQqvdeKdZ1RGxUwZiozW9XF0NPNFSfpC9gcGezgJ2RQcQZqVvKh34lss8B0CtT04mQWK2J-DxmI0o3cIA55CfTwxRkJzyVt77rDZncHyj_6jnGME3ncFg8alBdDMS-wOW8IaScX8ag8KDLzIDJ0jklY0FmZk6avfS7uLJW_3GKmCeFlbobS4vdFmD_Tadioi9rm8g38VD0RY-jttTjFJLzYZduSw_Sc-I-So9rAN7HFa4Lj9ErGgy-zrVmUReq5Zjb4wBo_55A5LuFH8.MQxB6Yww_h9aKXrQ2K5Y1gjJWMfcNmV3Rbaa45TPnBM&dib_tag=se&keywords=toys+and+gifts&qid=1748104463&sr=8-266,779.0,4.4,456
"Amazon Brand - Jam & Honey Dinosaur, Cute, Plush/Soft Toy, Suitable for Boys, Girls and Kids, Super-Soft, Safe, 34 cm (Green & Yellow)",https://www.amazon.in/Amazon-Brand-Dinosaur-Suitable-Super-Soft/dp/B0CCD1SVCC/ref=sr_1_267?dib=eyJ2IjoiMSJ9.tfASXn7IGMLmXqV7INtkoVFT-PsDQqvdeKdZ1RGxUwZiozW9XF0NPNFSfpC9gcGezgJ2RQcQZqVvKh34lss8B0CtT04mQWK2J-DxmI0o3cIA55CfTwxRkJzyVt77rDZncHyj_6jnGME3ncFg8alBdDMS-wOW8IaScX8ag8KDLzIDJ0jklY0FmZk6avfS7uLJW_3GKmCeFlbobS4vdFmD_Tadioi9rm8g38VD0RY-jttTjFJLzYZduSw_Sc-I-So9rAN7HFa4Lj9ErGgy-zrVmUReq5Zjb4wBo_55A5LuFH8.MQxB6Yww_h9aKXrQ2K5Y1gjJWMfcNmV3Rbaa45TPnBM&dib_tag=se&keywords=toys+and+gifts&qid=1748104463&sr=8-267,225.0,4.4,13417
Intex wet set collection 86cmx 25cm (1-3) years,https://www.amazon.in/Intex-collection-86cmx-25cm-years/dp/B000I9RZOW/ref=sr_1_268?dib=eyJ2IjoiMSJ9.tfASXn7IGMLmXqV7INtkoVFT-PsDQqvdeKdZ1RGxUwZiozW9XF0NPNFSfpC9gcGezgJ2RQcQZqVvKh34lss8B0CtT04mQWK2J-DxmI0o3cIA55CfTwxRkJzyVt77rDZncHyj_6jnGME3ncFg8alBdDMS-wOW8IaScX8ag8KDLzIDJ0jklY0FmZk6avfS7uLJW_3GKmCeFlbobS4vdFmD_Tadioi9rm8g38VD0RY-jttTjFJLzYZduSw_Sc-I-So9rAN7HFa4Lj9ErGgy-zrVmUReq5Zjb4wBo_55A5LuFH8.MQxB6Yww_h9aKXrQ2K5Y1gjJWMfcNmV3Rbaa45TPnBM&dib_tag=se&keywords=toys+and+gifts&qid=1748104463&sr=8-268,379.0,3.9,33028
"Tec Tavakkal Baby Kids Water Play Mat Toys Inflatable Tummy Time Leakproof Water Play Mat, Fun Activity Play Center Indoor and Outdoor Water Play Mat for Baby, Pack of 1 Set (Blue Turtle Shape)",https://www.amazon.in/Tavakkal-Inflatable-Leakproof-Activity-Outdoor/dp/B0DVLSPWPS/ref=sr_1_269?dib=eyJ2IjoiMSJ9.tfASXn7IGMLmXqV7INtkoVFT-PsDQqvdeKdZ1RGxUwZiozW9XF0NPNFSfpC9gcGezgJ2RQcQZqVvKh34lss8B0CtT04mQWK2J-DxmI0o3cIA55CfTwxRkJzyVt77rDZncHyj_6jnGME3ncFg8alBdDMS-wOW8IaScX8ag8KDLzIDJ0jklY0FmZk6avfS7uLJW_3GKmCeFlbobS4vdFmD_Tadioi9rm8g38VD0RY-jttTjFJLzYZduSw_Sc-I-So9rAN7HFa4Lj9ErGgy-zrVmUReq5Zjb4wBo_55A5LuFH8.MQxB6Yww_h9aKXrQ2K5Y1gjJWMfcNmV3Rbaa45TPnBM&dib_tag=se&keywords=toys+and+gifts&qid=1748104463&sr=8-269,397.0,4.1,2341
"Cable World Balloon Launcher for Kids, Power Balloon Car Toy for Kids, Manual Balloon Pump Cars Toys for Boys Girls (Multi Color) set of 20 material Plastic;Acrylonitrile Butadiene Styrene",https://www.amazon.in/Cable-World%C2%AE-Balloon-Launcher-Manual/dp/B09SHL1W8Z/ref=sr_1_270?dib=eyJ2IjoiMSJ9.tfASXn7IGMLmXqV7INtkoVFT-PsDQqvdeKdZ1RGxUwZiozW9XF0NPNFSfpC9gcGezgJ2RQcQZqVvKh34lss8B0CtT04mQWK2J-DxmI0o3cIA55CfTwxRkJzyVt77rDZncHyj_6jnGME3ncFg8alBdDMS-wOW8IaScX8ag8KDLzIDJ0jklY0FmZk6avfS7uLJW_3GKmCeFlbobS4vdFmD_Tadioi9rm8g38VD0RY-jttTjFJLzYZduSw_Sc-I-So9rAN7HFa4Lj9ErGgy-zrVmUReq5Zjb4wBo_55A5LuFH8.MQxB6Yww_h9aKXrQ2K5Y1gjJWMfcNmV3Rbaa45TPnBM&dib_tag=se&keywords=toys+and+gifts&qid=1748104463&sr=8-270,749.0,4.0,631
Mirana C-Type USB Rechargeable Battery Powered Hover Football Indoor Floating Hoverball Soccer | Air Football Smart | Made in India Fun Toy Best Gift for Kids Boys and Girls 2-10 Years (Blue-Green),https://www.amazon.in/Mirana-Rechargeable-Football-Hoverball-Blue-Green/dp/B0BTC9RTFG/ref=sr_1_271?dib=eyJ2IjoiMSJ9.tfASXn7IGMLmXqV7INtkoVFT-PsDQqvdeKdZ1RGxUwZiozW9XF0NPNFSfpC9gcGezgJ2RQcQZqVvKh34lss8B0CtT04mQWK2J-DxmI0o3cIA55CfTwxRkJzyVt77rDZncHyj_6jnGME3ncFg8alBdDMS-wOW8IaScX8ag8KDLzIDJ0jklY0FmZk6avfS7uLJW_3GKmCeFlbobS4vdFmD_Tadioi9rm8g38VD0RY-jttTjFJLzYZduSw_Sc-I-So9rAN7HFa4Lj9ErGgy-zrVmUReq5Zjb4wBo_55A5LuFH8.MQxB6Yww_h9aKXrQ2K5Y1gjJWMfcNmV3Rbaa45TPnBM&dib_tag=se&keywords=toys+and+gifts&qid=1748104463&sr=8-271,698.0,4.0,8303
"Toykraftt Shell Fridge Magnets| Art & Craft Kit for Kids| Creative & DIY Toys| Kids Activity for Age of 8+ Year Mosaics - Shells, Multicolor",https://www.amazon.in/TOYKRAFTT-Magnets-Creative-Activity-Mosaics/dp/B00MGJ96YE/ref=sr_1_272?dib=eyJ2IjoiMSJ9.tfASXn7IGMLmXqV7INtkoVFT-PsDQqvdeKdZ1RGxUwZiozW9XF0NPNFSfpC9gcGezgJ2RQcQZqVvKh34lss8B0CtT04mQWK2J-DxmI0o3cIA55CfTwxRkJzyVt77rDZncHyj_6jnGME3ncFg8alBdDMS-wOW8IaScX8ag8KDLzIDJ0jklY0FmZk6avfS7uLJW_3GKmCeFlbobS4vdFmD_Tadioi9rm8g38VD0RY-jttTjFJLzYZduSw_Sc-I-So9rAN7HFa4Lj9ErGgy-zrVmUReq5Zjb4wBo_55A5LuFH8.MQxB6Yww_h9aKXrQ2K5Y1gjJWMfcNmV3Rbaa45TPnBM&dib_tag=se&keywords=toys+and+gifts&qid=1748104463&sr=8-272,264.0,4.1,1322
"Smartivity My First Science Experiment Kit for Kids 6-8-10-12-14 Years I 50+ Amazing Science Experiments | Birthday Gift for Boys & Girls | Educational Toy for Kids 6,7,8,9,10,11,12,13,14 Years Old",https://www.amazon.in/Smartivity-6-8-10-12-14-Experiment-Birthday-Educational/dp/B0D2RN7XVW/ref=sr_1_273?dib=eyJ2IjoiMSJ9.tfASXn7IGMLmXqV7INtkoVFT-PsDQqvdeKdZ1RGxUwZiozW9XF0NPNFSfpC9gcGezgJ2RQcQZqVvKh34lss8B0CtT04mQWK2J-DxmI0o3cIA55CfTwxRkJzyVt77rDZncHyj_6jnGME3ncFg8alBdDMS-wOW8IaScX8ag8KDLzIDJ0jklY0FmZk6avfS7uLJW_3GKmCeFlbobS4vdFmD_Tadioi9rm8g38VD0RY-jttTjFJLzYZduSw_Sc-I-So9rAN7HFa4Lj9ErGgy-zrVmUReq5Zjb4wBo_55A5LuFH8.MQxB6Yww_h9aKXrQ2K5Y1gjJWMfcNmV3Rbaa45TPnBM&dib_tag=se&keywords=toys+and+gifts&qid=1748104463&sr=8-273,498.0,4.4,761
EITHEO Side Changing Octopus Mini Plush - Stuffed Animal Toy | Show Your Mood Without Saying a Word (Blue Pink),https://www.amazon.in/EITHEO-Side-Changing-Animal-Plush/dp/B08R5XQFSL/ref=sr_1_274?dib=eyJ2IjoiMSJ9.tfASXn7IGMLmXqV7INtkoVFT-PsDQqvdeKdZ1RGxUwZiozW9XF0NPNFSfpC9gcGezgJ2RQcQZqVvKh34lss8B0CtT04mQWK2J-DxmI0o3cIA55CfTwxRkJzyVt77rDZncHyj_6jnGME3ncFg8alBdDMS-wOW8IaScX8ag8KDLzIDJ0jklY0FmZk6avfS7uLJW_3GKmCeFlbobS4vdFmD_Tadioi9rm8g38VD0RY-jttTjFJLzYZduSw_Sc-I-So9rAN7HFa4Lj9ErGgy-zrVmUReq5Zjb4wBo_55A5LuFH8.MQxB6Yww_h9aKXrQ2K5Y1gjJWMfcNmV3Rbaa45TPnBM&dib_tag=se&keywords=toys+and+gifts&qid=1748104463&sr=8-274,156.0,4.4,1193
"MiniExplorer Rabbit Ride On & Toy Car for Kids with Music & Horn Steering, Push Car for Baby with Backrest, Safety Guard, Under Seat Storage & Big Wheels | Ride On for Kids 1 to 3 Years - Purple",https://www.amazon.in/MiniExplorer-Rabbit-Ride-Steering-Backrest/dp/B0DPMSKCMQ/ref=sr_1_275?dib=eyJ2IjoiMSJ9.tfASXn7IGMLmXqV7INtkoVFT-PsDQqvdeKdZ1RGxUwZiozW9XF0NPNFSfpC9gcGezgJ2RQcQZqVvKh34lss8B0CtT04mQWK2J-DxmI0o3cIA55CfTwxRkJzyVt77rDZncHyj_6jnGME3ncFg8alBdDMS-wOW8IaScX8ag8KDLzIDJ0jklY0FmZk6avfS7uLJW_3GKmCeFlbobS4vdFmD_Tadioi9rm8g38VD0RY-jttTjFJLzYZduSw_Sc-I-So9rAN7HFa4Lj9ErGgy-zrVmUReq5Zjb4wBo_55A5LuFH8.MQxB6Yww_h9aKXrQ2K5Y1gjJWMfcNmV3Rbaa45TPnBM&dib_tag=se&keywords=toys+and+gifts&qid=1748104463&sr=8-275,1199.0,3.4,82
"FunBlast Dinosaur Figures - 10 Pcs Animal Play Set, World Toys for Kids, Best Birthday Return Gifts (Multicolor)",https://www.amazon.in/FunBlast-Dinosaur-Toys-Dinosaurs-Multicolor/dp/B0BZPB2T9N/ref=sr_1_276?dib=eyJ2IjoiMSJ9.tfASXn7IGMLmXqV7INtkoVFT-PsDQqvdeKdZ1RGxUwZiozW9XF0NPNFSfpC9gcGezgJ2RQcQZqVvKh34lss8B0CtT04mQWK2J-DxmI0o3cIA55CfTwxRkJzyVt77rDZncHyj_6jnGME3ncFg8alBdDMS-wOW8IaScX8ag8KDLzIDJ0jklY0FmZk6avfS7uLJW_3GKmCeFlbobS4vdFmD_Tadioi9rm8g38VD0RY-jttTjFJLzYZduSw_Sc-I-So9rAN7HFa4Lj9ErGgy-zrVmUReq5Zjb4wBo_55A5LuFH8.MQxB6Yww_h9aKXrQ2K5Y1gjJWMfcNmV3Rbaa45TPnBM&dib_tag=se&keywords=toys+and+gifts&qid=1748104463&sr=8-276,173.0,3.4,113
"Brand Conquer 6 in 1 Learning Cube Educational & Learning Activity Toy Including Blocks, Clock, Alphabets-Tree,Transportation Vehicles,Music Keyboard & Mirror for Kid (Small 6 in 1 Cube), Multicolored",https://www.amazon.in/Brand-Conquer-Educational-Alphabets-Tree-Transportation/dp/B089YVJJ7C/ref=sr_1_277?dib=eyJ2IjoiMSJ9.tfASXn7IGMLmXqV7INtkoVFT-PsDQqvdeKdZ1RGxUwZiozW9XF0NPNFSfpC9gcGezgJ2RQcQZqVvKh34lss8B0CtT04mQWK2J-DxmI0o3cIA55CfTwxRkJzyVt77rDZncHyj_6jnGME3ncFg8alBdDMS-wOW8IaScX8ag8KDLzIDJ0jklY0FmZk6avfS7uLJW_3GKmCeFlbobS4vdFmD_Tadioi9rm8g38VD0RY-jttTjFJLzYZduSw_Sc-I-So9rAN7HFa4Lj9ErGgy-zrVmUReq5Zjb4wBo_55A5LuFH8.MQxB6Yww_h9aKXrQ2K5Y1gjJWMfcNmV3Rbaa45TPnBM&dib_tag=se&keywords=toys+and+gifts&qid=1748104463&sr=8-277,747.0,4.3,352
"Panda's Box Mantra Chanting Baby Ganesha (Small - 20 CM) | Musical Soft Plush Toy | Best Gift for Infants, Toddlers & Babies",https://www.amazon.in/Pandas-Box-Mantra-Chanting-Ganesha/dp/B0CZJ1HSH4/ref=sr_1_278?dib=eyJ2IjoiMSJ9.tfASXn7IGMLmXqV7INtkoVFT-PsDQqvdeKdZ1RGxUwZiozW9XF0NPNFSfpC9gcGezgJ2RQcQZqVvKh34lss8B0CtT04mQWK2J-DxmI0o3cIA55CfTwxRkJzyVt77rDZncHyj_6jnGME3ncFg8alBdDMS-wOW8IaScX8ag8KDLzIDJ0jklY0FmZk6avfS7uLJW_3GKmCeFlbobS4vdFmD_Tadioi9rm8g38VD0RY-jttTjFJLzYZduSw_Sc-I-So9rAN7HFa4Lj9ErGgy-zrVmUReq5Zjb4wBo_55A5LuFH8.MQxB6Yww_h9aKXrQ2K5Y1gjJWMfcNmV3Rbaa45TPnBM&dib_tag=se&keywords=toys+and+gifts&qid=1748104463&sr=8-278,798.0,4.5,423
"SUPER TOY Cute Sleeping Cat Plush Toy with Meow Sound, Gift for Kids Car Dashboard Accessories (Stripped Orange)",https://www.amazon.in/SUPER-TOY-Sleeping-Dashboard-Accessories/dp/B0D4J21FVJ/ref=sr_1_279?dib=eyJ2IjoiMSJ9.tfASXn7IGMLmXqV7INtkoVFT-PsDQqvdeKdZ1RGxUwZiozW9XF0NPNFSfpC9gcGezgJ2RQcQZqVvKh34lss8B0CtT04mQWK2J-DxmI0o3cIA55CfTwxRkJzyVt77rDZncHyj_6jnGME3ncFg8alBdDMS-wOW8IaScX8ag8KDLzIDJ0jklY0FmZk6avfS7uLJW_3GKmCeFlbobS4vdFmD_Tadioi9rm8g38VD0RY-jttTjFJLzYZduSw_Sc-I-So9rAN7HFa4Lj9ErGgy-zrVmUReq5Zjb4wBo_55A5LuFH8.MQxB6Yww_h9aKXrQ2K5Y1gjJWMfcNmV3Rbaa45TPnBM&dib_tag=se&keywords=toys+and+gifts&qid=1748104463&sr=8-279,299.0,4.2,283
"Chocozone Battery Operated 81pcs Rotating Building Blocks with Gears for STEM Learning, Educational Building Blocks Toys for 5 Years Old Girls and Boys (Gear Building Blocks)",https://www.amazon.in/Chocozone-Operated-Rotating-Building-Educational/dp/B07VX8WKXK/ref=sr_1_280?dib=eyJ2IjoiMSJ9.tfASXn7IGMLmXqV7INtkoVFT-PsDQqvdeKdZ1RGxUwZiozW9XF0NPNFSfpC9gcGezgJ2RQcQZqVvKh34lss8B0CtT04mQWK2J-DxmI0o3cIA55CfTwxRkJzyVt77rDZncHyj_6jnGME3ncFg8alBdDMS-wOW8IaScX8ag8KDLzIDJ0jklY0FmZk6avfS7uLJW_3GKmCeFlbobS4vdFmD_Tadioi9rm8g38VD0RY-jttTjFJLzYZduSw_Sc-I-So9rAN7HFa4Lj9ErGgy-zrVmUReq5Zjb4wBo_55A5LuFH8.MQxB6Yww_h9aKXrQ2K5Y1gjJWMfcNmV3Rbaa45TPnBM&dib_tag=se&keywords=toys+and+gifts&qid=1748104463&sr=8-280,499.0,4.0,1673
"SmartCraft Art & Craft Kit - Poke Art Princess Wonderland for Kids Ages 4, 5, 6, 7, 8, 9, 10 Years Old, Create 5 Princesses, 2 Castles & Unicorn, Smart Birthday Gift for Girls & Boys, Fun Activity Kit",https://www.amazon.in/SmartCraft-Art-Craft-Kit-Wonderland/dp/B0DQ53XW5Z/ref=sr_1_281?dib=eyJ2IjoiMSJ9.tfASXn7IGMLmXqV7INtkoVFT-PsDQqvdeKdZ1RGxUwZiozW9XF0NPNFSfpC9gcGezgJ2RQcQZqVvKh34lss8B0CtT04mQWK2J-DxmI0o3cIA55CfTwxRkJzyVt77rDZncHyj_6jnGME3ncFg8alBdDMS-wOW8IaScX8ag8KDLzIDJ0jklY0FmZk6avfS7uLJW_3GKmCeFlbobS4vdFmD_Tadioi9rm8g38VD0RY-jttTjFJLzYZduSw_Sc-I-So9rAN7HFa4Lj9ErGgy-zrVmUReq5Zjb4wBo_55A5LuFH8.MQxB6Yww_h9aKXrQ2K5Y1gjJWMfcNmV3Rbaa45TPnBM&dib_tag=se&keywords=toys+and+gifts&qid=1748104463&sr=8-281,698.0,4.3,30
PLUSPOINT Baby Toy Cars for 1 Year Old Pull Back Vehicles Set Cars Transport Vehicles City Service Toy car Set for Toddlers Toys and Birthday Gift for 1 2 3 Years Old Boys Girls (7PC),https://www.amazon.in/PLUSPOINT-Vehicles-Friction-Educational-Transport/dp/B09Q6F1Z5D/ref=sr_1_282?dib=eyJ2IjoiMSJ9.tfASXn7IGMLmXqV7INtkoVFT-PsDQqvdeKdZ1RGxUwZiozW9XF0NPNFSfpC9gcGezgJ2RQcQZqVvKh34lss8B0CtT04mQWK2J-DxmI0o3cIA55CfTwxRkJzyVt77rDZncHyj_6jnGME3ncFg8alBdDMS-wOW8IaScX8ag8KDLzIDJ0jklY0FmZk6avfS7uLJW_3GKmCeFlbobS4vdFmD_Tadioi9rm8g38VD0RY-jttTjFJLzYZduSw_Sc-I-So9rAN7HFa4Lj9ErGgy-zrVmUReq5Zjb4wBo_55A5LuFH8.MQxB6Yww_h9aKXrQ2K5Y1gjJWMfcNmV3Rbaa45TPnBM&dib_tag=se&keywords=toys+and+gifts&qid=1748104463&sr=8-282,589.0,4.1,189
SUPER TOY Kids Bow & Arrow Toy Archery Set with Target Board for Boys - 6 Teer Dhanush Kaman for 4 5 6 + Years Old,https://www.amazon.in/SUPER-TOY-Arrow-Archery-Target/dp/B0C2HDJHYD/ref=sr_1_283?dib=eyJ2IjoiMSJ9.tfASXn7IGMLmXqV7INtkoVFT-PsDQqvdeKdZ1RGxUwZiozW9XF0NPNFSfpC9gcGezgJ2RQcQZqVvKh34lss8B0CtT04mQWK2J-DxmI0o3cIA55CfTwxRkJzyVt77rDZncHyj_6jnGME3ncFg8alBdDMS-wOW8IaScX8ag8KDLzIDJ0jklY0FmZk6avfS7uLJW_3GKmCeFlbobS4vdFmD_Tadioi9rm8g38VD0RY-jttTjFJLzYZduSw_Sc-I-So9rAN7HFa4Lj9ErGgy-zrVmUReq5Zjb4wBo_55A5LuFH8.MQxB6Yww_h9aKXrQ2K5Y1gjJWMfcNmV3Rbaa45TPnBM&dib_tag=se&keywords=toys+and+gifts&qid=1748104463&sr=8-283,319.0,4.0,245
"Skillmatics Peek-A-Boo Jungle Book - Soft Cloth Book for Baby, Infant & Toddler Toys, Crinkle Pages for Sensory Play, Gifts for Ages 6 Months and Up, Multicolor",https://www.amazon.in/Skillmatics-Peek-Jungle-Ages-Months/dp/B0BTYMG6P2/ref=sr_1_284?dib=eyJ2IjoiMSJ9.tfASXn7IGMLmXqV7INtkoVFT-PsDQqvdeKdZ1RGxUwZiozW9XF0NPNFSfpC9gcGezgJ2RQcQZqVvKh34lss8B0CtT04mQWK2J-DxmI0o3cIA55CfTwxRkJzyVt77rDZncHyj_6jnGME3ncFg8alBdDMS-wOW8IaScX8ag8KDLzIDJ0jklY0FmZk6avfS7uLJW_3GKmCeFlbobS4vdFmD_Tadioi9rm8g38VD0RY-jttTjFJLzYZduSw_Sc-I-So9rAN7HFa4Lj9ErGgy-zrVmUReq5Zjb4wBo_55A5LuFH8.MQxB6Yww_h9aKXrQ2K5Y1gjJWMfcNmV3Rbaa45TPnBM&dib_tag=se&keywords=toys+and+gifts&qid=1748104463&sr=8-284,998.0,3.9,843
"Webby Soft Animal Plush Elephant Toy 20cm, Blue & Grey",https://www.amazon.in/Webby-Soft-Animal-Plush-Elephant/dp/B08QX75XNZ/ref=sr_1_285?dib=eyJ2IjoiMSJ9.tfASXn7IGMLmXqV7INtkoVFT-PsDQqvdeKdZ1RGxUwZiozW9XF0NPNFSfpC9gcGezgJ2RQcQZqVvKh34lss8B0CtT04mQWK2J-DxmI0o3cIA55CfTwxRkJzyVt77rDZncHyj_6jnGME3ncFg8alBdDMS-wOW8IaScX8ag8KDLzIDJ0jklY0FmZk6avfS7uLJW_3GKmCeFlbobS4vdFmD_Tadioi9rm8g38VD0RY-jttTjFJLzYZduSw_Sc-I-So9rAN7HFa4Lj9ErGgy-zrVmUReq5Zjb4wBo_55A5LuFH8.MQxB6Yww_h9aKXrQ2K5Y1gjJWMfcNmV3Rbaa45TPnBM&dib_tag=se&keywords=toys+and+gifts&qid=1748104463&sr=8-285,225.0,4.4,5912
"KRIDHA TOYS Plastic Geometric Blocks, Sorting & Stacking Toys for Toddlers and Kids Preschool, Color Stacker Shape Sorter Gift Educational Learning Toy for 3 Years Old Boys and Girls",https://www.amazon.in/KRIDHA-TOYS-Geometric-Preschool-Educational/dp/B0DTHSDMLV/ref=sr_1_286?dib=eyJ2IjoiMSJ9.tfASXn7IGMLmXqV7INtkoVFT-PsDQqvdeKdZ1RGxUwZiozW9XF0NPNFSfpC9gcGezgJ2RQcQZqVvKh34lss8B0CtT04mQWK2J-DxmI0o3cIA55CfTwxRkJzyVt77rDZncHyj_6jnGME3ncFg8alBdDMS-wOW8IaScX8ag8KDLzIDJ0jklY0FmZk6avfS7uLJW_3GKmCeFlbobS4vdFmD_Tadioi9rm8g38VD0RY-jttTjFJLzYZduSw_Sc-I-So9rAN7HFa4Lj9ErGgy-zrVmUReq5Zjb4wBo_55A5LuFH8.MQxB6Yww_h9aKXrQ2K5Y1gjJWMfcNmV3Rbaa45TPnBM&dib_tag=se&keywords=toys+and+gifts&qid=1748104463&sr=8-286,149.0,4.9,11
Storio Cars 1:32 Diecast Metal Pullback Toy car for Kids Best Gifts Toys for Kids Boys - Black,https://www.amazon.in/Storio-Diecast-Pullback-Specially-Designed/dp/B07QGGD72Q/ref=sr_1_287?dib=eyJ2IjoiMSJ9.tfASXn7IGMLmXqV7INtkoVFT-PsDQqvdeKdZ1RGxUwZiozW9XF0NPNFSfpC9gcGezgJ2RQcQZqVvKh34lss8B0CtT04mQWK2J-DxmI0o3cIA55CfTwxRkJzyVt77rDZncHyj_6jnGME3ncFg8alBdDMS-wOW8IaScX8ag8KDLzIDJ0jklY0FmZk6avfS7uLJW_3GKmCeFlbobS4vdFmD_Tadioi9rm8g38VD0RY-jttTjFJLzYZduSw_Sc-I-So9rAN7HFa4Lj9ErGgy-zrVmUReq5Zjb4wBo_55A5LuFH8.MQxB6Yww_h9aKXrQ2K5Y1gjJWMfcNmV3Rbaa45TPnBM&dib_tag=se&keywords=toys+and+gifts&qid=1748104463&sr=8-287,764.0,4.3,6233
"Skillmatics High Contrast Sensory Cloth Mat for Babies & Infants - Newborn Visual Stimulation, Observation Skills, Gifts for 0 to 18 Months, Multicolor",https://www.amazon.in/Skillmatics-Contrast-Sensory-Babies-Infants/dp/B0DFC5QP7F/ref=sr_1_288?dib=eyJ2IjoiMSJ9.tfASXn7IGMLmXqV7INtkoVFT-PsDQqvdeKdZ1RGxUwZiozW9XF0NPNFSfpC9gcGezgJ2RQcQZqVvKh34lss8B0CtT04mQWK2J-DxmI0o3cIA55CfTwxRkJzyVt77rDZncHyj_6jnGME3ncFg8alBdDMS-wOW8IaScX8ag8KDLzIDJ0jklY0FmZk6avfS7uLJW_3GKmCeFlbobS4vdFmD_Tadioi9rm8g38VD0RY-jttTjFJLzYZduSw_Sc-I-So9rAN7HFa4Lj9ErGgy-zrVmUReq5Zjb4wBo_55A5LuFH8.MQxB6Yww_h9aKXrQ2K5Y1gjJWMfcNmV3Rbaa45TPnBM&dib_tag=se&keywords=toys+and+gifts&qid=1748104463&sr=8-288,1138.0,4.1,57
